[
  {
    "pk": 1, 
    "model": "sites.site", 
    "fields": {
      "domain": "example.com", 
      "name": "Example Site"
    }
  }, 
  {
    "pk": 2, 
    "model": "admin.logentry", 
    "fields": {
      "action_flag": 1, 
      "action_time": "2010-08-15 23:59:28", 
      "object_repr": "gin-king", 
      "object_id": "3", 
      "change_message": "", 
      "user": 1, 
      "content_type": 4
    }
  }, 
  {
    "pk": 1, 
    "model": "admin.logentry", 
    "fields": {
      "action_flag": 1, 
      "action_time": "2010-08-15 23:59:12", 
      "object_repr": "vodka-lover", 
      "object_id": "2", 
      "change_message": "", 
      "user": 1, 
      "content_type": 4
    }
  }, 
  {
    "pk": 1, 
    "model": "elesma.userprofile", 
    "fields": {
      "votes": 0, 
      "user": 1
    }
  }, 
  {
    "pk": 2, 
    "model": "elesma.userprofile", 
    "fields": {
      "votes": 0, 
      "user": 2
    }
  }, 
  {
    "pk": 3, 
    "model": "elesma.userprofile", 
    "fields": {
      "votes": 1, 
      "user": 3
    }
  }, 
  {
    "pk": 1, 
    "model": "elesma.category", 
    "fields": {
      "name": "PRE-DINNER COCKTAIL"
    }
  }, 
  {
    "pk": 2, 
    "model": "elesma.category", 
    "fields": {
      "name": "AFTER-DINNER"
    }
  }, 
  {
    "pk": 3, 
    "model": "elesma.category", 
    "fields": {
      "name": "LONG DRINK STYLE"
    }
  }, 
  {
    "pk": 1, 
    "model": "elesma.container", 
    "fields": {
      "url": "", 
      "photo": "", 
      "name": "OLD FASHIONED GLASS", 
      "description": ""
    }
  }, 
  {
    "pk": 2, 
    "model": "elesma.container", 
    "fields": {
      "url": "", 
      "photo": "", 
      "name": "COCKTAIL GLASS", 
      "description": ""
    }
  }, 
  {
    "pk": 3, 
    "model": "elesma.container", 
    "fields": {
      "url": "", 
      "photo": "", 
      "name": "GOBLET", 
      "description": ""
    }
  }, 
  {
    "pk": 4, 
    "model": "elesma.container", 
    "fields": {
      "url": "", 
      "photo": "", 
      "name": "MARTINI GLASS", 
      "description": ""
    }
  }, 
  {
    "pk": 5, 
    "model": "elesma.container", 
    "fields": {
      "url": "", 
      "photo": "", 
      "name": "WINE GLASS", 
      "description": ""
    }
  }, 
  {
    "pk": 6, 
    "model": "elesma.container", 
    "fields": {
      "url": "", 
      "photo": "", 
      "name": "FLUTE GLASS", 
      "description": ""
    }
  }, 
  {
    "pk": 7, 
    "model": "elesma.container", 
    "fields": {
      "url": "", 
      "photo": "", 
      "name": "COBBLER GLASS", 
      "description": ""
    }
  }, 
  {
    "pk": 8, 
    "model": "elesma.container", 
    "fields": {
      "url": "", 
      "photo": "", 
      "name": "OLD FASHIONED", 
      "description": ""
    }
  }, 
  {
    "pk": 9, 
    "model": "elesma.container", 
    "fields": {
      "url": "", 
      "photo": "", 
      "name": "HIGHBALL", 
      "description": ""
    }
  }, 
  {
    "pk": 10, 
    "model": "elesma.container", 
    "fields": {
      "url": "", 
      "photo": "", 
      "name": "FLUTE", 
      "description": ""
    }
  }, 
  {
    "pk": 11, 
    "model": "elesma.container", 
    "fields": {
      "url": "", 
      "photo": "", 
      "name": "FL&UCIRC;TE", 
      "description": ""
    }
  }, 
  {
    "pk": 12, 
    "model": "elesma.container", 
    "fields": {
      "url": "", 
      "photo": "", 
      "name": "HIGHBALL GLASS", 
      "description": ""
    }
  }, 
  {
    "pk": 13, 
    "model": "elesma.container", 
    "fields": {
      "url": "", 
      "photo": "", 
      "name": "FASHION GLASS", 
      "description": ""
    }
  }, 
  {
    "pk": 1, 
    "model": "elesma.ingredient", 
    "fields": {
      "name": "campari", 
      "ingredient_type": ""
    }
  }, 
  {
    "pk": 2, 
    "model": "elesma.ingredient", 
    "fields": {
      "name": "sweet red vermouth", 
      "ingredient_type": ""
    }
  }, 
  {
    "pk": 3, 
    "model": "elesma.ingredient", 
    "fields": {
      "name": "bacardi rum white", 
      "ingredient_type": ""
    }
  }, 
  {
    "pk": 4, 
    "model": "elesma.ingredient", 
    "fields": {
      "name": "lemon juice or lime juice", 
      "ingredient_type": ""
    }
  }, 
  {
    "pk": 5, 
    "model": "elesma.ingredient", 
    "fields": {
      "name": "grenadine syrup", 
      "ingredient_type": ""
    }
  }, 
  {
    "pk": 6, 
    "model": "elesma.ingredient", 
    "fields": {
      "name": "white rum", 
      "ingredient_type": ""
    }
  }, 
  {
    "pk": 7, 
    "model": "elesma.ingredient", 
    "fields": {
      "name": "gomme syrup", 
      "ingredient_type": ""
    }
  }, 
  {
    "pk": 8, 
    "model": "elesma.ingredient", 
    "fields": {
      "name": "ice cream", 
      "ingredient_type": ""
    }
  }, 
  {
    "pk": 9, 
    "model": "elesma.ingredient", 
    "fields": {
      "name": "banana", 
      "ingredient_type": ""
    }
  }, 
  {
    "pk": 10, 
    "model": "elesma.ingredient", 
    "fields": {
      "name": "gin", 
      "ingredient_type": ""
    }
  }, 
  {
    "pk": 11, 
    "model": "elesma.ingredient", 
    "fields": {
      "name": "dry vermouth", 
      "ingredient_type": ""
    }
  }, 
  {
    "pk": 12, 
    "model": "elesma.ingredient", 
    "fields": {
      "name": "orange juice", 
      "ingredient_type": ""
    }
  }, 
  {
    "pk": 13, 
    "model": "elesma.ingredient", 
    "fields": {
      "name": "dry white wine", 
      "ingredient_type": ""
    }
  }, 
  {
    "pk": 14, 
    "model": "elesma.ingredient", 
    "fields": {
      "name": "creme de cassis", 
      "ingredient_type": ""
    }
  }, 
  {
    "pk": 15, 
    "model": "elesma.ingredient", 
    "fields": {
      "name": "champagne", 
      "ingredient_type": ""
    }
  }, 
  {
    "pk": 16, 
    "model": "elesma.ingredient", 
    "fields": {
      "name": "rye or canadian whiskey", 
      "ingredient_type": ""
    }
  }, 
  {
    "pk": 17, 
    "model": "elesma.ingredient", 
    "fields": {
      "name": "red vermouth", 
      "ingredient_type": ""
    }
  }, 
  {
    "pk": 18, 
    "model": "elesma.ingredient", 
    "fields": {
      "name": "angostura bitter", 
      "ingredient_type": ""
    }
  }, 
  {
    "pk": 19, 
    "model": "elesma.ingredient", 
    "fields": {
      "name": "vodka", 
      "ingredient_type": ""
    }
  }, 
  {
    "pk": 20, 
    "model": "elesma.ingredient", 
    "fields": {
      "name": "scotch or rye whiskey", 
      "ingredient_type": ""
    }
  }, 
  {
    "pk": 21, 
    "model": "elesma.ingredient", 
    "fields": {
      "name": "cube", 
      "ingredient_type": ""
    }
  }, 
  {
    "pk": 22, 
    "model": "elesma.ingredient", 
    "fields": {
      "name": "soda water", 
      "ingredient_type": ""
    }
  }, 
  {
    "pk": 23, 
    "model": "elesma.ingredient", 
    "fields": {
      "name": "apricot brandy", 
      "ingredient_type": ""
    }
  }, 
  {
    "pk": 24, 
    "model": "elesma.ingredient", 
    "fields": {
      "name": "scotch whisky", 
      "ingredient_type": ""
    }
  }, 
  {
    "pk": 25, 
    "model": "elesma.ingredient", 
    "fields": {
      "name": "kirsch", 
      "ingredient_type": ""
    }
  }, 
  {
    "pk": 26, 
    "model": "elesma.ingredient", 
    "fields": {
      "name": "cherry brandy", 
      "ingredient_type": ""
    }
  }, 
  {
    "pk": 27, 
    "model": "elesma.ingredient", 
    "fields": {
      "name": "bourbon whiskey", 
      "ingredient_type": ""
    }
  }, 
  {
    "pk": 28, 
    "model": "elesma.ingredient", 
    "fields": {
      "name": "fresh lemon juice", 
      "ingredient_type": ""
    }
  }, 
  {
    "pk": 29, 
    "model": "elesma.ingredient", 
    "fields": {
      "name": "egg  white", 
      "ingredient_type": ""
    }
  }, 
  {
    "pk": 30, 
    "model": "elesma.ingredient", 
    "fields": {
      "name": "cognac", 
      "ingredient_type": ""
    }
  }, 
  {
    "pk": 31, 
    "model": "elesma.ingredient", 
    "fields": {
      "name": "creme de cacao (brown)", 
      "ingredient_type": ""
    }
  }, 
  {
    "pk": 32, 
    "model": "elesma.ingredient", 
    "fields": {
      "name": "fresh cream", 
      "ingredient_type": ""
    }
  }, 
  {
    "pk": 33, 
    "model": "elesma.ingredient", 
    "fields": {
      "name": "coffee liqueur", 
      "ingredient_type": ""
    }
  }, 
  {
    "pk": 34, 
    "model": "elesma.ingredient", 
    "fields": {
      "name": "amaretto liqueur", 
      "ingredient_type": ""
    }
  }, 
  {
    "pk": 35, 
    "model": "elesma.ingredient", 
    "fields": {
      "name": "amaretto", 
      "ingredient_type": ""
    }
  }, 
  {
    "pk": 36, 
    "model": "elesma.ingredient", 
    "fields": {
      "name": "liquore galliano", 
      "ingredient_type": ""
    }
  }, 
  {
    "pk": 37, 
    "model": "elesma.ingredient", 
    "fields": {
      "name": "creme de cacao (white)", 
      "ingredient_type": ""
    }
  }, 
  {
    "pk": 38, 
    "model": "elesma.ingredient", 
    "fields": {
      "name": "cointreau", 
      "ingredient_type": ""
    }
  }, 
  {
    "pk": 39, 
    "model": "elesma.ingredient", 
    "fields": {
      "name": "fresh orange juice", 
      "ingredient_type": ""
    }
  }, 
  {
    "pk": 40, 
    "model": "elesma.ingredient", 
    "fields": {
      "name": "creme de menthe (green)", 
      "ingredient_type": ""
    }
  }, 
  {
    "pk": 41, 
    "model": "elesma.ingredient", 
    "fields": {
      "name": "brandy", 
      "ingredient_type": ""
    }
  }, 
  {
    "pk": 42, 
    "model": "elesma.ingredient", 
    "fields": {
      "name": "red port", 
      "ingredient_type": ""
    }
  }, 
  {
    "pk": 43, 
    "model": "elesma.ingredient", 
    "fields": {
      "name": "yolk egg", 
      "ingredient_type": ""
    }
  }, 
  {
    "pk": 44, 
    "model": "elesma.ingredient", 
    "fields": {
      "name": "drambuie", 
      "ingredient_type": ""
    }
  }, 
  {
    "pk": 45, 
    "model": "elesma.ingredient", 
    "fields": {
      "name": "tomato juice", 
      "ingredient_type": ""
    }
  }, 
  {
    "pk": 46, 
    "model": "elesma.ingredient", 
    "fields": {
      "name": "lemon juice", 
      "ingredient_type": ""
    }
  }, 
  {
    "pk": 47, 
    "model": "elesma.ingredient", 
    "fields": {
      "name": "milk", 
      "ingredient_type": ""
    }
  }, 
  {
    "pk": 48, 
    "model": "elesma.ingredient", 
    "fields": {
      "name": "egg", 
      "ingredient_type": ""
    }
  }, 
  {
    "pk": 49, 
    "model": "elesma.ingredient", 
    "fields": {
      "name": "champagne or dry sparkling wine", 
      "ingredient_type": ""
    }
  }, 
  {
    "pk": 50, 
    "model": "elesma.ingredient", 
    "fields": {
      "name": "chilled champagne or sparkling wine", 
      "ingredient_type": ""
    }
  }, 
  {
    "pk": 51, 
    "model": "elesma.ingredient", 
    "fields": {
      "name": "liquore galliano (float on the top)", 
      "ingredient_type": ""
    }
  }, 
  {
    "pk": 52, 
    "model": "elesma.ingredient", 
    "fields": {
      "name": "ginger ale", 
      "ingredient_type": ""
    }
  }, 
  {
    "pk": 53, 
    "model": "elesma.ingredient", 
    "fields": {
      "name": "angostura bitter (optional)", 
      "ingredient_type": ""
    }
  }, 
  {
    "pk": 54, 
    "model": "elesma.ingredient", 
    "fields": {
      "name": "coconut cream", 
      "ingredient_type": ""
    }
  }, 
  {
    "pk": 55, 
    "model": "elesma.ingredient", 
    "fields": {
      "name": "pineapple juice", 
      "ingredient_type": ""
    }
  }, 
  {
    "pk": 56, 
    "model": "elesma.ingredient", 
    "fields": {
      "name": "rum", 
      "ingredient_type": ""
    }
  }, 
  {
    "pk": 57, 
    "model": "elesma.ingredient", 
    "fields": {
      "name": "dom benedictine", 
      "ingredient_type": ""
    }
  }, 
  {
    "pk": 58, 
    "model": "elesma.ingredient", 
    "fields": {
      "name": "grenadine", 
      "ingredient_type": ""
    }
  }, 
  {
    "pk": 59, 
    "model": "elesma.ingredient", 
    "fields": {
      "name": "tequila", 
      "ingredient_type": ""
    }
  }, 
  {
    "pk": 1, 
    "model": "elesma.recipe", 
    "fields": {
      "category": 1, 
      "container": 1, 
      "description": "", 
      "photo": "", 
      "rating_votes": 0, 
      "rating_score": 0, 
      "directions": "Mix the ingredients directly in old fashioned glass filled with ice cubes. Add\nSoda Water. Garnish with half orange slice and lemon peel.", 
      "slug": "americano", 
      "name": "AMERICANO"
    }
  }, 
  {
    "pk": 2, 
    "model": "elesma.recipe", 
    "fields": {
      "category": 1, 
      "container": 2, 
      "description": "", 
      "photo": "", 
      "rating_votes": 0, 
      "rating_score": 0, 
      "directions": "Pour all ingredients into shaker with ice cubes, shake well, strain into chilled\ncocktail glass .", 
      "slug": "bacardi-cocktail", 
      "name": "BACARDI COCKTAIL "
    }
  }, 
  {
    "pk": 3, 
    "model": "elesma.recipe", 
    "fields": {
      "category": 1, 
      "container": 2, 
      "description": "", 
      "photo": "", 
      "rating_votes": 0, 
      "rating_score": 0, 
      "directions": "Pour all ingredients into shaker with ice cubes. Shake well. Strain in chilled\ncocktail glass.", 
      "slug": "daiquiri", 
      "name": "DAIQUIRI"
    }
  }, 
  {
    "pk": 4, 
    "model": "elesma.recipe", 
    "fields": {
      "category": 1, 
      "container": 3, 
      "description": "", 
      "photo": "", 
      "rating_votes": 0, 
      "rating_score": 0, 
      "directions": "Pour all ingredients into blender with crushed ice. Blend until slushy and smooth and pour\ninto chilled goblet.", 
      "slug": "frozen-daiquiri", 
      "name": "FROZEN DAIQUIRI"
    }
  }, 
  {
    "pk": 5, 
    "model": "elesma.recipe", 
    "fields": {
      "category": 1, 
      "container": 3, 
      "description": "", 
      "photo": "", 
      "rating_votes": 0, 
      "rating_score": 0, 
      "directions": "Pour all ingredients, with half fresh banana, into blender with crushed ice,\n    blend until slushy. Pour into chilled goblet.", 
      "slug": "banana-daiquiri", 
      "name": "BANANA DAIQUIRI"
    }
  }, 
  {
    "pk": 6, 
    "model": "elesma.recipe", 
    "fields": {
      "category": 1, 
      "container": 4, 
      "description": "", 
      "photo": "", 
      "rating_votes": 1, 
      "rating_score": 5, 
      "directions": "Pour into shaker all ingredients with ice cubes, shake well. Strain in chilled\ncocktail or martini glass.", 
      "slug": "bronx", 
      "name": "BRONX"
    }
  }, 
  {
    "pk": 7, 
    "model": "elesma.recipe", 
    "fields": {
      "category": 1, 
      "container": 5, 
      "description": "", 
      "photo": "", 
      "rating_votes": 1, 
      "rating_score": 1, 
      "directions": "Pour Cr&egrave;me de Cassis into flute glass, top up with white wine.", 
      "slug": "kir", 
      "name": "KIR"
    }
  }, 
  {
    "pk": 8, 
    "model": "elesma.recipe", 
    "fields": {
      "category": 1, 
      "container": 6, 
      "description": "", 
      "photo": "", 
      "rating_votes": 0, 
      "rating_score": 0, 
      "directions": "Pour Cr&egrave;me de Cassis into flute glass, top up with Champagne.", 
      "slug": "kir-royal", 
      "name": "KIR ROYAL"
    }
  }, 
  {
    "pk": 9, 
    "model": "elesma.recipe", 
    "fields": {
      "category": 1, 
      "container": 2, 
      "description": "", 
      "photo": "", 
      "rating_votes": 0, 
      "rating_score": 0, 
      "directions": "Pour all ingredients into mixing glass with ice cubes. Stir well. Strain into\nchilled martini or cocktail glass. Garnish with maraschino cherry.", 
      "slug": "manhattan", 
      "name": "MANHATTAN"
    }
  }, 
  {
    "pk": 10, 
    "model": "elesma.recipe", 
    "fields": {
      "category": 1, 
      "container": 2, 
      "description": "", 
      "photo": "", 
      "rating_votes": 1, 
      "rating_score": 4, 
      "directions": "Pour all ingredients into mixing glass with ice cubes. Stir well. Strain in chilled\n    martini or cocktail glass. Garnish with lemon twist.", 
      "slug": "manhattan-dry", 
      "name": "MANHATTAN DRY"
    }
  }, 
  {
    "pk": 11, 
    "model": "elesma.recipe", 
    "fields": {
      "category": 1, 
      "container": 4, 
      "description": "", 
      "photo": "", 
      "rating_votes": 1, 
      "rating_score": 4, 
      "directions": "Pour all ingredients into mixing glass with ice cubes. Stir well Strain in chilled\n  martini cocktail glass. Squeeze oil from lemon peel onto the drink, or garnish with olive.", 
      "slug": "martini-dry", 
      "name": "MARTINI ( DRY )"
    }
  }, 
  {
    "pk": 12, 
    "model": "elesma.recipe", 
    "fields": {
      "category": 1, 
      "container": 4, 
      "description": "", 
      "photo": "", 
      "rating_votes": 1, 
      "rating_score": 4, 
      "directions": "Pour all ingredients into mixing glass with ice cubes. Stir well. Strain in chilled\nmartini glass. Garnish with lemon peel and, or, maraschino cherry.", 
      "slug": "martini-perfect", 
      "name": "MARTINI ( PERFECT )"
    }
  }, 
  {
    "pk": 13, 
    "model": "elesma.recipe", 
    "fields": {
      "category": 1, 
      "container": 4, 
      "description": "", 
      "photo": "", 
      "rating_votes": 1, 
      "rating_score": 4, 
      "directions": "Pour all ingredients into mixing glass with ice cubes. Stir well. Strain in chilled\nmartini glass. If served &quot;On the rocks &quot;, pour ingredients and ice\ninto old fashioned glass. Garnish with maraschino cherry.", 
      "slug": "martini-sweet", 
      "name": "MARTINI ( SWEET )"
    }
  }, 
  {
    "pk": 14, 
    "model": "elesma.recipe", 
    "fields": {
      "category": 1, 
      "container": 4, 
      "description": "", 
      "photo": "", 
      "rating_votes": 0, 
      "rating_score": 0, 
      "directions": "Pour all ingredients into mixing glass with ice cubes. Stir well. Strain into\nmartini glass. Squeeze oil from lemon peel onto the drink. Optional garnish:\ngreen olive.", 
      "slug": "martini-vodka", 
      "name": " MARTINI ( VODKA )"
    }
  }, 
  {
    "pk": 15, 
    "model": "elesma.recipe", 
    "fields": {
      "category": 1, 
      "container": 4, 
      "description": "", 
      "photo": "", 
      "rating_votes": 1, 
      "rating_score": 3, 
      "directions": "Pour gin and vermouth into mixing glass with ice cubes. Stir well and strain\ninto a chilled martini glass. Garnish with silverskin onion.", 
      "slug": "gibson", 
      "name": "GIBSON"
    }
  }, 
  {
    "pk": 16, 
    "model": "elesma.recipe", 
    "fields": {
      "category": 1, 
      "container": 1, 
      "description": "", 
      "photo": "", 
      "rating_votes": 0, 
      "rating_score": 0, 
      "directions": "Place suger cube in old fashioned glass and saturate with bitter, as a dash of soda water. Muddle until dissolve. Fill the glass with ice cubes and add whisky. Garnish with orange slice, lemon twist and two maraschino cherries", 
      "slug": "old-fashioned", 
      "name": "OLD FASHIONED"
    }
  }, 
  {
    "pk": 17, 
    "model": "elesma.recipe", 
    "fields": {
      "category": 1, 
      "container": 2, 
      "description": "", 
      "photo": "", 
      "rating_votes": 1, 
      "rating_score": 3, 
      "directions": "Pour all ingredients into cocktail shaker filled with ice. Shake briskly for\nfew seconds. Strain into chilled cocktail glass.", 
      "slug": "paradise", 
      "name": "PARADISE"
    }
  }, 
  {
    "pk": 18, 
    "model": "elesma.recipe", 
    "fields": {
      "category": 1, 
      "container": 2, 
      "description": "", 
      "photo": "", 
      "rating_votes": 0, 
      "rating_score": 0, 
      "directions": "Pour all ingredients into mixing glass with ice cubes. Stir well. Strain into\nchilled cocktail glass. Garnish with maraschino cherry .", 
      "slug": "rob-roy", 
      "name": "ROB ROY"
    }
  }, 
  {
    "pk": 19, 
    "model": "elesma.recipe", 
    "fields": {
      "category": 1, 
      "container": 2, 
      "description": "", 
      "photo": "", 
      "rating_votes": 0, 
      "rating_score": 0, 
      "directions": "Pour all ingredients into mixing glass with filled ice. Stir well. Strain into\nchilled cocktail glass. Garnish with maraschino cherry.", 
      "slug": "rose", 
      "name": "ROSE"
    }
  }, 
  {
    "pk": 20, 
    "model": "elesma.recipe", 
    "fields": {
      "category": 1, 
      "container": 7, 
      "description": "", 
      "photo": "", 
      "rating_votes": 2, 
      "rating_score": 6, 
      "directions": "Pour all ingredients into cocktail shaker filled with ice. Shake well. Strain\nin old fashioned or cobbler glass. If served &quot;On the rocks&quot;, strain ingredients\ninto old fashioned glass filled with ice. Garnish with half orange slice and\nmaraschino cherry.", 
      "slug": "whiskey-sour", 
      "name": "WHISKEY SOUR"
    }
  }, 
  {
    "pk": 21, 
    "model": "elesma.recipe", 
    "fields": {
      "category": 2, 
      "container": 2, 
      "description": "", 
      "photo": "", 
      "rating_votes": 1, 
      "rating_score": 4, 
      "directions": "Pour all ingredients into shaker with ice cubes, shake well, strain into chilled\ncocktail glass . Sprinkle with fresh ground nutmeg.", 
      "slug": "brandy-alexander", 
      "name": "BRANDY ALEXANDER"
    }
  }, 
  {
    "pk": 22, 
    "model": "elesma.recipe", 
    "fields": {
      "category": 2, 
      "container": 1, 
      "description": "", 
      "photo": "", 
      "rating_votes": 0, 
      "rating_score": 0, 
      "directions": "Pour the ingredients into the old fashioned glass filled with ice cubes. Stir\ngently.", 
      "slug": "black-russian", 
      "name": "BLACK RUSSIAN"
    }
  }, 
  {
    "pk": 23, 
    "model": "elesma.recipe", 
    "fields": {
      "category": 2, 
      "container": 1, 
      "description": "", 
      "photo": "", 
      "rating_votes": 1, 
      "rating_score": 5, 
      "directions": "Pour coffee liqueur and vodka directly into old fashioned glass filled with\n ice. Float fresh cream on the top and stir in slowly..", 
      "slug": "white-russian", 
      "name": "WHITE RUSSIAN"
    }
  }, 
  {
    "pk": 24, 
    "model": "elesma.recipe", 
    "fields": {
      "category": 2, 
      "container": 8, 
      "description": "", 
      "photo": "", 
      "rating_votes": 0, 
      "rating_score": 0, 
      "directions": "Pour all ingredients directly into old fashioned with ice cubes. Stir gently.", 
      "slug": "french-connection", 
      "name": "FRENCH CONNECTION"
    }
  }, 
  {
    "pk": 25, 
    "model": "elesma.recipe", 
    "fields": {
      "category": 2, 
      "container": 1, 
      "description": "", 
      "photo": "", 
      "rating_votes": 0, 
      "rating_score": 0, 
      "directions": "Pour all ingredients directly in old fashioned glass filled with ice cubes.", 
      "slug": "god-mother", 
      "name": "GOD MOTHER"
    }
  }, 
  {
    "pk": 26, 
    "model": "elesma.recipe", 
    "fields": {
      "category": 2, 
      "container": 2, 
      "description": "", 
      "photo": "", 
      "rating_votes": 0, 
      "rating_score": 0, 
      "directions": "Pour all ingredients into shaker filled with ice. Shake briskly for few seconds.\nStrain into chilled cocktail glass.", 
      "slug": "golden-cadillac", 
      "name": "GOLDEN CADILLAC"
    }
  }, 
  {
    "pk": 27, 
    "model": "elesma.recipe", 
    "fields": {
      "category": 2, 
      "container": 2, 
      "description": "", 
      "photo": "", 
      "rating_votes": 0, 
      "rating_score": 0, 
      "directions": "Pour all ingredients into shaker filled with ice. Shake briskly for few seconds.\nStrain into chilled cocktail glass.", 
      "slug": "golden-dream", 
      "name": "GOLDEN DREAM"
    }
  }, 
  {
    "pk": 28, 
    "model": "elesma.recipe", 
    "fields": {
      "category": 2, 
      "container": 2, 
      "description": "", 
      "photo": "", 
      "rating_votes": 1, 
      "rating_score": 3, 
      "directions": "Pour all ingredients into shaker filled with ice. Shake briskly for few seconds.\nStrain into chilled cocktail glass.", 
      "slug": "grasshopper", 
      "name": "GRASSHOPPER"
    }
  }, 
  {
    "pk": 29, 
    "model": "elesma.recipe", 
    "fields": {
      "category": 2, 
      "container": 2, 
      "description": "", 
      "photo": "", 
      "rating_votes": 0, 
      "rating_score": 0, 
      "directions": "Pour all ingredients into cocktail shaker filled with ice. Shake well. Strain\n into cocktail glass. Sprinkle with fresh ground nutmeg.", 
      "slug": "porto-flip", 
      "name": "PORTO FLIP"
    }
  }, 
  {
    "pk": 30, 
    "model": "elesma.recipe", 
    "fields": {
      "category": 2, 
      "container": 1, 
      "description": "", 
      "photo": "", 
      "rating_votes": 0, 
      "rating_score": 0, 
      "directions": "Pour all ingredients directly into old fashioned glass filled with ice. Stir gently.\nGarnish with lemon twist.", 
      "slug": "rusty-nail", 
      "name": "RUSTY NAIL"
    }
  }, 
  {
    "pk": 31, 
    "model": "elesma.recipe", 
    "fields": {
      "category": 3, 
      "container": 9, 
      "description": "", 
      "photo": "", 
      "rating_votes": 0, 
      "rating_score": 0, 
      "directions": "Add dashes of Worchestershire Sauce, Tabasco , salt and pepper into highball\nglass, then pour all ingredients into highball with ice cubes. Stir gently. Garnish\nwith Celery Salt and lemon wedge (optional).", 
      "slug": "bloody-mary", 
      "name": "BLOODY MARY"
    }
  }, 
  {
    "pk": 32, 
    "model": "elesma.recipe", 
    "fields": {
      "category": 3, 
      "container": 9, 
      "description": "", 
      "photo": "", 
      "rating_votes": 0, 
      "rating_score": 0, 
      "directions": "Pour all ingredients into shaker with ice cubes, shake well. Strain into a highball\nwith ice cubes. Sprinkle with fresh ground nutmeg.", 
      "slug": "brandy-egg-nog", 
      "name": "BRANDY EGG NOG"
    }
  }, 
  {
    "pk": 33, 
    "model": "elesma.recipe", 
    "fields": {
      "category": 3, 
      "container": 10, 
      "description": "", 
      "photo": "", 
      "rating_votes": 0, 
      "rating_score": 0, 
      "directions": "Pour orange juice into fl&ucirc;te and gently pour Champagne or Dry Sparkling Wine. Stir gently. Garnish with orange twist (optional)", 
      "slug": "bucks-fizz", 
      "name": "BUCK'S FIZZ"
    }
  }, 
  {
    "pk": 34, 
    "model": "elesma.recipe", 
    "fields": {
      "category": 3, 
      "container": 10, 
      "description": "", 
      "photo": "", 
      "rating_votes": 0, 
      "rating_score": 0, 
      "directions": "Pour orange juice into fl&ucirc;te and gently pour sparkling wine. Stir gently. Garnish with orange twist (optional)", 
      "slug": "mimosa", 
      "name": "MIMOSA"
    }
  }, 
  {
    "pk": 35, 
    "model": "elesma.recipe", 
    "fields": {
      "category": 3, 
      "container": 11, 
      "description": "", 
      "photo": "", 
      "rating_votes": 0, 
      "rating_score": 0, 
      "directions": "Add two dashes Angostura Bitter into flute, and one half sugar cube. Pour gently\nchilled champagne. Garnish with orange slice and maraschino cherry", 
      "slug": "champagne-cocktail", 
      "name": "CHAMPAGNE COCKTAIL"
    }
  }, 
  {
    "pk": 36, 
    "model": "elesma.recipe", 
    "fields": {
      "category": 3, 
      "container": 9, 
      "description": "", 
      "photo": "", 
      "rating_votes": 1, 
      "rating_score": 4, 
      "directions": "Shake all ingredients with ice cubes, except soda water. Pour into highball glass.\nTop with Soda water.", 
      "slug": "gin-fizz", 
      "name": "GIN FIZZ"
    }
  }, 
  {
    "pk": 37, 
    "model": "elesma.recipe", 
    "fields": {
      "category": 3, 
      "container": 9, 
      "description": "", 
      "photo": "", 
      "rating_votes": 0, 
      "rating_score": 0, 
      "directions": "Pour vodka and orange juice directly into highball, filled with ice cubes, stir\ngently, add (float) Liquore Galliano on the top . Garnish with orange slice and\nmaraschino cherry.", 
      "slug": "harvey-wallbanger", 
      "name": "HARVEY WALLBANGER"
    }
  }, 
  {
    "pk": 38, 
    "model": "elesma.recipe", 
    "fields": {
      "category": 3, 
      "container": 12, 
      "description": "", 
      "photo": "", 
      "rating_votes": 0, 
      "rating_score": 0, 
      "directions": "Pour brandy and ginger ale directly into highball glass with ice cubes. Stir gently.\nGarnish with rind of one lemon spiral. If required, add dashes of Angostura\nBitter.", 
      "slug": "horses-neck", 
      "name": "HORSE'S NECK"
    }
  }, 
  {
    "pk": 39, 
    "model": "elesma.recipe", 
    "fields": {
      "category": 3, 
      "container": 13, 
      "description": "", 
      "photo": "", 
      "rating_votes": 0, 
      "rating_score": 0, 
      "directions": "Pour all ingredients into blender or shaker with crushed ice. Blend or shake until smooth. Pour\n  into chilled glass. Garnish with pineapple wedge and maraschino cherry and straw.", 
      "slug": "pina-colada", 
      "name": "PINA COLADA"
    }
  }, 
  {
    "pk": 40, 
    "model": "elesma.recipe", 
    "fields": {
      "category": 3, 
      "container": 9, 
      "description": "", 
      "photo": "", 
      "rating_votes": 0, 
      "rating_score": 0, 
      "directions": "Pour all ingredients into shaker filled with ice. Shake well. Pour into highball\nwith ice. Top up with Soda water. Stir gently and add a dash of Angostura bitters. Garnish with lemon and orange\nslices.", 
      "slug": "planters-punch", 
      "name": "PLANTER'S PUNCH"
    }
  }, 
  {
    "pk": 41, 
    "model": "elesma.recipe", 
    "fields": {
      "category": 3, 
      "container": 9, 
      "description": "", 
      "photo": "", 
      "rating_votes": 0, 
      "rating_score": 0, 
      "directions": "Pour all ingredients directly into highball glass filled with ice. Stir gently.\nGarnish with orange slice.", 
      "slug": "screwdriver", 
      "name": "SCREWDRIVER"
    }
  }, 
  {
    "pk": 42, 
    "model": "elesma.recipe", 
    "fields": {
      "category": 3, 
      "container": 9, 
      "description": "", 
      "photo": "", 
      "rating_votes": 1, 
      "rating_score": 2, 
      "directions": "Pour all ingredients into cocktail shaker filled with ice cubes.\nShake well. Strain into highball glass. \nGarnish with pineapple and maraschino cherry.", 
      "slug": "singapore-sling", 
      "name": "SINGAPORE SLING"
    }
  }, 
  {
    "pk": 43, 
    "model": "elesma.recipe", 
    "fields": {
      "category": 3, 
      "container": 9, 
      "description": "", 
      "photo": "", 
      "rating_votes": 0, 
      "rating_score": 0, 
      "directions": "Pour tequila and orange juice directly into highball with ice cubes. Add a splash\nof Grenadine syrup to create chromatic effect (sunrise), do not stir. Garnish with orange slice and cherry, straw and stirrer.", 
      "slug": "tequila-sunrise", 
      "name": "TEQUILA SUNRISE"
    }
  }, 
  {
    "pk": 1, 
    "model": "elesma.recipeitem", 
    "fields": {
      "amount": "3.0 cl", 
      "recipe": 1, 
      "ingredient": 1
    }
  }, 
  {
    "pk": 2, 
    "model": "elesma.recipeitem", 
    "fields": {
      "amount": "3.0 cl", 
      "recipe": 1, 
      "ingredient": 2
    }
  }, 
  {
    "pk": 3, 
    "model": "elesma.recipeitem", 
    "fields": {
      "amount": "4.5 cl", 
      "recipe": 2, 
      "ingredient": 3
    }
  }, 
  {
    "pk": 4, 
    "model": "elesma.recipeitem", 
    "fields": {
      "amount": "2.0 cl", 
      "recipe": 2, 
      "ingredient": 4
    }
  }, 
  {
    "pk": 5, 
    "model": "elesma.recipeitem", 
    "fields": {
      "amount": "0.5 cl", 
      "recipe": 2, 
      "ingredient": 5
    }
  }, 
  {
    "pk": 6, 
    "model": "elesma.recipeitem", 
    "fields": {
      "amount": "4.5 cl", 
      "recipe": 3, 
      "ingredient": 6
    }
  }, 
  {
    "pk": 7, 
    "model": "elesma.recipeitem", 
    "fields": {
      "amount": "2.0 cl", 
      "recipe": 3, 
      "ingredient": 4
    }
  }, 
  {
    "pk": 8, 
    "model": "elesma.recipeitem", 
    "fields": {
      "amount": "0.5 cl", 
      "recipe": 3, 
      "ingredient": 7
    }
  }, 
  {
    "pk": 9, 
    "model": "elesma.recipeitem", 
    "fields": {
      "amount": "4.5 cl", 
      "recipe": 4, 
      "ingredient": 6
    }
  }, 
  {
    "pk": 10, 
    "model": "elesma.recipeitem", 
    "fields": {
      "amount": "2.0 cl", 
      "recipe": 4, 
      "ingredient": 4
    }
  }, 
  {
    "pk": 11, 
    "model": "elesma.recipeitem", 
    "fields": {
      "amount": "0.5 cl", 
      "recipe": 4, 
      "ingredient": 7
    }
  }, 
  {
    "pk": 12, 
    "model": "elesma.recipeitem", 
    "fields": {
      "amount": "One scoop", 
      "recipe": 4, 
      "ingredient": 8
    }
  }, 
  {
    "pk": 13, 
    "model": "elesma.recipeitem", 
    "fields": {
      "amount": "4.5 cl", 
      "recipe": 5, 
      "ingredient": 6
    }
  }, 
  {
    "pk": 14, 
    "model": "elesma.recipeitem", 
    "fields": {
      "amount": "2.0 cl", 
      "recipe": 5, 
      "ingredient": 4
    }
  }, 
  {
    "pk": 15, 
    "model": "elesma.recipeitem", 
    "fields": {
      "amount": "0.5 cl", 
      "recipe": 5, 
      "ingredient": 7
    }
  }, 
  {
    "pk": 16, 
    "model": "elesma.recipeitem", 
    "fields": {
      "amount": "&frac12; Fresh", 
      "recipe": 5, 
      "ingredient": 9
    }
  }, 
  {
    "pk": 17, 
    "model": "elesma.recipeitem", 
    "fields": {
      "amount": "3.0 cl", 
      "recipe": 6, 
      "ingredient": 10
    }
  }, 
  {
    "pk": 18, 
    "model": "elesma.recipeitem", 
    "fields": {
      "amount": "1.5 cl", 
      "recipe": 6, 
      "ingredient": 2
    }
  }, 
  {
    "pk": 19, 
    "model": "elesma.recipeitem", 
    "fields": {
      "amount": "1.0 cl", 
      "recipe": 6, 
      "ingredient": 11
    }
  }, 
  {
    "pk": 20, 
    "model": "elesma.recipeitem", 
    "fields": {
      "amount": "1.5 cl", 
      "recipe": 6, 
      "ingredient": 12
    }
  }, 
  {
    "pk": 21, 
    "model": "elesma.recipeitem", 
    "fields": {
      "amount": "9.0 cl", 
      "recipe": 7, 
      "ingredient": 13
    }
  }, 
  {
    "pk": 22, 
    "model": "elesma.recipeitem", 
    "fields": {
      "amount": "1.0 cl", 
      "recipe": 7, 
      "ingredient": 14
    }
  }, 
  {
    "pk": 23, 
    "model": "elesma.recipeitem", 
    "fields": {
      "amount": "9.0 cl", 
      "recipe": 8, 
      "ingredient": 15
    }
  }, 
  {
    "pk": 24, 
    "model": "elesma.recipeitem", 
    "fields": {
      "amount": "1.0 cl", 
      "recipe": 8, 
      "ingredient": 14
    }
  }, 
  {
    "pk": 25, 
    "model": "elesma.recipeitem", 
    "fields": {
      "amount": "5.0 cl", 
      "recipe": 9, 
      "ingredient": 16
    }
  }, 
  {
    "pk": 26, 
    "model": "elesma.recipeitem", 
    "fields": {
      "amount": "2.0 cl", 
      "recipe": 9, 
      "ingredient": 17
    }
  }, 
  {
    "pk": 27, 
    "model": "elesma.recipeitem", 
    "fields": {
      "amount": "1 Dash", 
      "recipe": 9, 
      "ingredient": 18
    }
  }, 
  {
    "pk": 28, 
    "model": "elesma.recipeitem", 
    "fields": {
      "amount": "5.0 cl", 
      "recipe": 10, 
      "ingredient": 16
    }
  }, 
  {
    "pk": 29, 
    "model": "elesma.recipeitem", 
    "fields": {
      "amount": "2.0 cl", 
      "recipe": 10, 
      "ingredient": 11
    }
  }, 
  {
    "pk": 30, 
    "model": "elesma.recipeitem", 
    "fields": {
      "amount": "Dash of", 
      "recipe": 10, 
      "ingredient": 18
    }
  }, 
  {
    "pk": 31, 
    "model": "elesma.recipeitem", 
    "fields": {
      "amount": "5.5 cl", 
      "recipe": 11, 
      "ingredient": 10
    }
  }, 
  {
    "pk": 32, 
    "model": "elesma.recipeitem", 
    "fields": {
      "amount": "1.5 cl", 
      "recipe": 11, 
      "ingredient": 11
    }
  }, 
  {
    "pk": 33, 
    "model": "elesma.recipeitem", 
    "fields": {
      "amount": "5.5 cl", 
      "recipe": 12, 
      "ingredient": 10
    }
  }, 
  {
    "pk": 34, 
    "model": "elesma.recipeitem", 
    "fields": {
      "amount": "1.0 cl", 
      "recipe": 12, 
      "ingredient": 11
    }
  }, 
  {
    "pk": 35, 
    "model": "elesma.recipeitem", 
    "fields": {
      "amount": "1.0 cl", 
      "recipe": 12, 
      "ingredient": 17
    }
  }, 
  {
    "pk": 36, 
    "model": "elesma.recipeitem", 
    "fields": {
      "amount": "5.5 cl", 
      "recipe": 13, 
      "ingredient": 10
    }
  }, 
  {
    "pk": 37, 
    "model": "elesma.recipeitem", 
    "fields": {
      "amount": "1.5 cl", 
      "recipe": 13, 
      "ingredient": 17
    }
  }, 
  {
    "pk": 38, 
    "model": "elesma.recipeitem", 
    "fields": {
      "amount": "5.5 cl", 
      "recipe": 14, 
      "ingredient": 19
    }
  }, 
  {
    "pk": 39, 
    "model": "elesma.recipeitem", 
    "fields": {
      "amount": "1.5 cl", 
      "recipe": 14, 
      "ingredient": 11
    }
  }, 
  {
    "pk": 40, 
    "model": "elesma.recipeitem", 
    "fields": {
      "amount": "6.0 cl", 
      "recipe": 15, 
      "ingredient": 10
    }
  }, 
  {
    "pk": 41, 
    "model": "elesma.recipeitem", 
    "fields": {
      "amount": "1.0 cl", 
      "recipe": 15, 
      "ingredient": 11
    }
  }, 
  {
    "pk": 42, 
    "model": "elesma.recipeitem", 
    "fields": {
      "amount": "4.0 cl.Bourbon", 
      "recipe": 16, 
      "ingredient": 20
    }
  }, 
  {
    "pk": 43, 
    "model": "elesma.recipeitem", 
    "fields": {
      "amount": "1 sugar", 
      "recipe": 16, 
      "ingredient": 21
    }
  }, 
  {
    "pk": 44, 
    "model": "elesma.recipeitem", 
    "fields": {
      "amount": "2 Dashes", 
      "recipe": 16, 
      "ingredient": 18
    }
  }, 
  {
    "pk": 45, 
    "model": "elesma.recipeitem", 
    "fields": {
      "amount": "1 Splash", 
      "recipe": 16, 
      "ingredient": 22
    }
  }, 
  {
    "pk": 46, 
    "model": "elesma.recipeitem", 
    "fields": {
      "amount": "3.5 cl", 
      "recipe": 17, 
      "ingredient": 10
    }
  }, 
  {
    "pk": 47, 
    "model": "elesma.recipeitem", 
    "fields": {
      "amount": "2.0 cl", 
      "recipe": 17, 
      "ingredient": 23
    }
  }, 
  {
    "pk": 48, 
    "model": "elesma.recipeitem", 
    "fields": {
      "amount": "1.5 cl", 
      "recipe": 17, 
      "ingredient": 12
    }
  }, 
  {
    "pk": 49, 
    "model": "elesma.recipeitem", 
    "fields": {
      "amount": "4.5 cl", 
      "recipe": 18, 
      "ingredient": 24
    }
  }, 
  {
    "pk": 50, 
    "model": "elesma.recipeitem", 
    "fields": {
      "amount": "2.5 cl", 
      "recipe": 18, 
      "ingredient": 17
    }
  }, 
  {
    "pk": 51, 
    "model": "elesma.recipeitem", 
    "fields": {
      "amount": "1 Dash", 
      "recipe": 18, 
      "ingredient": 18
    }
  }, 
  {
    "pk": 52, 
    "model": "elesma.recipeitem", 
    "fields": {
      "amount": "4.5 cl", 
      "recipe": 19, 
      "ingredient": 11
    }
  }, 
  {
    "pk": 53, 
    "model": "elesma.recipeitem", 
    "fields": {
      "amount": "1.5 cl", 
      "recipe": 19, 
      "ingredient": 25
    }
  }, 
  {
    "pk": 54, 
    "model": "elesma.recipeitem", 
    "fields": {
      "amount": "1.0 cl", 
      "recipe": 19, 
      "ingredient": 26
    }
  }, 
  {
    "pk": 55, 
    "model": "elesma.recipeitem", 
    "fields": {
      "amount": "4.5 cl", 
      "recipe": 20, 
      "ingredient": 27
    }
  }, 
  {
    "pk": 56, 
    "model": "elesma.recipeitem", 
    "fields": {
      "amount": "3.0 cl", 
      "recipe": 20, 
      "ingredient": 28
    }
  }, 
  {
    "pk": 57, 
    "model": "elesma.recipeitem", 
    "fields": {
      "amount": "1.5 cl", 
      "recipe": 20, 
      "ingredient": 7
    }
  }, 
  {
    "pk": 58, 
    "model": "elesma.recipeitem", 
    "fields": {
      "amount": "1 Dash", 
      "recipe": 20, 
      "ingredient": 29
    }
  }, 
  {
    "pk": 59, 
    "model": "elesma.recipeitem", 
    "fields": {
      "amount": "2.0 cl", 
      "recipe": 21, 
      "ingredient": 30
    }
  }, 
  {
    "pk": 60, 
    "model": "elesma.recipeitem", 
    "fields": {
      "amount": "2.0 cl", 
      "recipe": 21, 
      "ingredient": 31
    }
  }, 
  {
    "pk": 61, 
    "model": "elesma.recipeitem", 
    "fields": {
      "amount": "2.0 cl", 
      "recipe": 21, 
      "ingredient": 32
    }
  }, 
  {
    "pk": 62, 
    "model": "elesma.recipeitem", 
    "fields": {
      "amount": "5.0 cl", 
      "recipe": 22, 
      "ingredient": 19
    }
  }, 
  {
    "pk": 63, 
    "model": "elesma.recipeitem", 
    "fields": {
      "amount": "2.0 cl", 
      "recipe": 22, 
      "ingredient": 33
    }
  }, 
  {
    "pk": 64, 
    "model": "elesma.recipeitem", 
    "fields": {
      "amount": "5.0 cl", 
      "recipe": 23, 
      "ingredient": 19
    }
  }, 
  {
    "pk": 65, 
    "model": "elesma.recipeitem", 
    "fields": {
      "amount": "2.0 cl", 
      "recipe": 23, 
      "ingredient": 33
    }
  }, 
  {
    "pk": 66, 
    "model": "elesma.recipeitem", 
    "fields": {
      "amount": "3.0 cl", 
      "recipe": 23, 
      "ingredient": 32
    }
  }, 
  {
    "pk": 67, 
    "model": "elesma.recipeitem", 
    "fields": {
      "amount": "3.5 cl", 
      "recipe": 24, 
      "ingredient": 30
    }
  }, 
  {
    "pk": 68, 
    "model": "elesma.recipeitem", 
    "fields": {
      "amount": "3.5 cl", 
      "recipe": 24, 
      "ingredient": 34
    }
  }, 
  {
    "pk": 69, 
    "model": "elesma.recipeitem", 
    "fields": {
      "amount": "3.5 cl", 
      "recipe": 25, 
      "ingredient": 19
    }
  }, 
  {
    "pk": 70, 
    "model": "elesma.recipeitem", 
    "fields": {
      "amount": "3.5 cl", 
      "recipe": 25, 
      "ingredient": 35
    }
  }, 
  {
    "pk": 71, 
    "model": "elesma.recipeitem", 
    "fields": {
      "amount": "2.0 cl", 
      "recipe": 26, 
      "ingredient": 36
    }
  }, 
  {
    "pk": 72, 
    "model": "elesma.recipeitem", 
    "fields": {
      "amount": "2.0 cl", 
      "recipe": 26, 
      "ingredient": 37
    }
  }, 
  {
    "pk": 73, 
    "model": "elesma.recipeitem", 
    "fields": {
      "amount": "2.0 cl", 
      "recipe": 26, 
      "ingredient": 32
    }
  }, 
  {
    "pk": 74, 
    "model": "elesma.recipeitem", 
    "fields": {
      "amount": "2.0 cl", 
      "recipe": 27, 
      "ingredient": 36
    }
  }, 
  {
    "pk": 75, 
    "model": "elesma.recipeitem", 
    "fields": {
      "amount": "2.0 cl", 
      "recipe": 27, 
      "ingredient": 38
    }
  }, 
  {
    "pk": 76, 
    "model": "elesma.recipeitem", 
    "fields": {
      "amount": "2.0 cl", 
      "recipe": 27, 
      "ingredient": 39
    }
  }, 
  {
    "pk": 77, 
    "model": "elesma.recipeitem", 
    "fields": {
      "amount": "1.0 cl", 
      "recipe": 27, 
      "ingredient": 32
    }
  }, 
  {
    "pk": 78, 
    "model": "elesma.recipeitem", 
    "fields": {
      "amount": "2.0 cl", 
      "recipe": 28, 
      "ingredient": 40
    }
  }, 
  {
    "pk": 79, 
    "model": "elesma.recipeitem", 
    "fields": {
      "amount": "2.0 cl", 
      "recipe": 28, 
      "ingredient": 37
    }
  }, 
  {
    "pk": 80, 
    "model": "elesma.recipeitem", 
    "fields": {
      "amount": "2.0 cl", 
      "recipe": 28, 
      "ingredient": 32
    }
  }, 
  {
    "pk": 81, 
    "model": "elesma.recipeitem", 
    "fields": {
      "amount": "1.5 cl", 
      "recipe": 29, 
      "ingredient": 41
    }
  }, 
  {
    "pk": 82, 
    "model": "elesma.recipeitem", 
    "fields": {
      "amount": "4.5 cl", 
      "recipe": 29, 
      "ingredient": 42
    }
  }, 
  {
    "pk": 83, 
    "model": "elesma.recipeitem", 
    "fields": {
      "amount": "1.0 cl", 
      "recipe": 29, 
      "ingredient": 43
    }
  }, 
  {
    "pk": 84, 
    "model": "elesma.recipeitem", 
    "fields": {
      "amount": "4.5 cl", 
      "recipe": 30, 
      "ingredient": 24
    }
  }, 
  {
    "pk": 85, 
    "model": "elesma.recipeitem", 
    "fields": {
      "amount": "2.5 cl", 
      "recipe": 30, 
      "ingredient": 44
    }
  }, 
  {
    "pk": 86, 
    "model": "elesma.recipeitem", 
    "fields": {
      "amount": "4.5 cl", 
      "recipe": 31, 
      "ingredient": 19
    }
  }, 
  {
    "pk": 87, 
    "model": "elesma.recipeitem", 
    "fields": {
      "amount": "9.0 cl", 
      "recipe": 31, 
      "ingredient": 45
    }
  }, 
  {
    "pk": 88, 
    "model": "elesma.recipeitem", 
    "fields": {
      "amount": "1.5 cl", 
      "recipe": 31, 
      "ingredient": 46
    }
  }, 
  {
    "pk": 89, 
    "model": "elesma.recipeitem", 
    "fields": {
      "amount": "4.0 cl", 
      "recipe": 32, 
      "ingredient": 41
    }
  }, 
  {
    "pk": 90, 
    "model": "elesma.recipeitem", 
    "fields": {
      "amount": "5.0 cl", 
      "recipe": 32, 
      "ingredient": 47
    }
  }, 
  {
    "pk": 91, 
    "model": "elesma.recipeitem", 
    "fields": {
      "amount": "1.0 cl", 
      "recipe": 32, 
      "ingredient": 7
    }
  }, 
  {
    "pk": 92, 
    "model": "elesma.recipeitem", 
    "fields": {
      "amount": "1 yolk", 
      "recipe": 32, 
      "ingredient": 48
    }
  }, 
  {
    "pk": 93, 
    "model": "elesma.recipeitem", 
    "fields": {
      "amount": "10.0 cl", 
      "recipe": 33, 
      "ingredient": 12
    }
  }, 
  {
    "pk": 94, 
    "model": "elesma.recipeitem", 
    "fields": {
      "amount": "5.0 cl", 
      "recipe": 33, 
      "ingredient": 49
    }
  }, 
  {
    "pk": 95, 
    "model": "elesma.recipeitem", 
    "fields": {
      "amount": "7.5 cl", 
      "recipe": 34, 
      "ingredient": 12
    }
  }, 
  {
    "pk": 96, 
    "model": "elesma.recipeitem", 
    "fields": {
      "amount": "7.5 cl", 
      "recipe": 34, 
      "ingredient": 15
    }
  }, 
  {
    "pk": 97, 
    "model": "elesma.recipeitem", 
    "fields": {
      "amount": "9.0 cl", 
      "recipe": 35, 
      "ingredient": 50
    }
  }, 
  {
    "pk": 98, 
    "model": "elesma.recipeitem", 
    "fields": {
      "amount": "1.0 cl", 
      "recipe": 35, 
      "ingredient": 41
    }
  }, 
  {
    "pk": 99, 
    "model": "elesma.recipeitem", 
    "fields": {
      "amount": "4.5 cl", 
      "recipe": 36, 
      "ingredient": 10
    }
  }, 
  {
    "pk": 100, 
    "model": "elesma.recipeitem", 
    "fields": {
      "amount": "3.0 cl", 
      "recipe": 36, 
      "ingredient": 28
    }
  }, 
  {
    "pk": 101, 
    "model": "elesma.recipeitem", 
    "fields": {
      "amount": "1.0 cl", 
      "recipe": 36, 
      "ingredient": 7
    }
  }, 
  {
    "pk": 102, 
    "model": "elesma.recipeitem", 
    "fields": {
      "amount": "8.0 cl", 
      "recipe": 36, 
      "ingredient": 22
    }
  }, 
  {
    "pk": 103, 
    "model": "elesma.recipeitem", 
    "fields": {
      "amount": "4.5 cl", 
      "recipe": 37, 
      "ingredient": 19
    }
  }, 
  {
    "pk": 104, 
    "model": "elesma.recipeitem", 
    "fields": {
      "amount": "1.5 cl", 
      "recipe": 37, 
      "ingredient": 51
    }
  }, 
  {
    "pk": 105, 
    "model": "elesma.recipeitem", 
    "fields": {
      "amount": "9.0 cl", 
      "recipe": 37, 
      "ingredient": 39
    }
  }, 
  {
    "pk": 106, 
    "model": "elesma.recipeitem", 
    "fields": {
      "amount": "4.0 cl", 
      "recipe": 38, 
      "ingredient": 41
    }
  }, 
  {
    "pk": 107, 
    "model": "elesma.recipeitem", 
    "fields": {
      "amount": "11.0 cl", 
      "recipe": 38, 
      "ingredient": 52
    }
  }, 
  {
    "pk": 108, 
    "model": "elesma.recipeitem", 
    "fields": {
      "amount": "Dash of", 
      "recipe": 38, 
      "ingredient": 53
    }
  }, 
  {
    "pk": 109, 
    "model": "elesma.recipeitem", 
    "fields": {
      "amount": "3.0 cl", 
      "recipe": 39, 
      "ingredient": 6
    }
  }, 
  {
    "pk": 110, 
    "model": "elesma.recipeitem", 
    "fields": {
      "amount": "3.0 cl", 
      "recipe": 39, 
      "ingredient": 54
    }
  }, 
  {
    "pk": 111, 
    "model": "elesma.recipeitem", 
    "fields": {
      "amount": "9.0 cl", 
      "recipe": 39, 
      "ingredient": 55
    }
  }, 
  {
    "pk": 112, 
    "model": "elesma.recipeitem", 
    "fields": {
      "amount": "6.0cl Dark", 
      "recipe": 40, 
      "ingredient": 56
    }
  }, 
  {
    "pk": 113, 
    "model": "elesma.recipeitem", 
    "fields": {
      "amount": "3.0 cl", 
      "recipe": 40, 
      "ingredient": 28
    }
  }, 
  {
    "pk": 114, 
    "model": "elesma.recipeitem", 
    "fields": {
      "amount": "1.0 cl", 
      "recipe": 40, 
      "ingredient": 5
    }
  }, 
  {
    "pk": 115, 
    "model": "elesma.recipeitem", 
    "fields": {
      "amount": "5.0 cl", 
      "recipe": 41, 
      "ingredient": 19
    }
  }, 
  {
    "pk": 116, 
    "model": "elesma.recipeitem", 
    "fields": {
      "amount": "10.0 cl", 
      "recipe": 41, 
      "ingredient": 12
    }
  }, 
  {
    "pk": 117, 
    "model": "elesma.recipeitem", 
    "fields": {
      "amount": "4.0 cl", 
      "recipe": 42, 
      "ingredient": 10
    }
  }, 
  {
    "pk": 118, 
    "model": "elesma.recipeitem", 
    "fields": {
      "amount": "2.0 cl", 
      "recipe": 42, 
      "ingredient": 26
    }
  }, 
  {
    "pk": 119, 
    "model": "elesma.recipeitem", 
    "fields": {
      "amount": "0.5 cl", 
      "recipe": 42, 
      "ingredient": 38
    }
  }, 
  {
    "pk": 120, 
    "model": "elesma.recipeitem", 
    "fields": {
      "amount": "0.5 cl", 
      "recipe": 42, 
      "ingredient": 57
    }
  }, 
  {
    "pk": 121, 
    "model": "elesma.recipeitem", 
    "fields": {
      "amount": "1.0 cl", 
      "recipe": 42, 
      "ingredient": 58
    }
  }, 
  {
    "pk": 122, 
    "model": "elesma.recipeitem", 
    "fields": {
      "amount": "8.0 cl", 
      "recipe": 42, 
      "ingredient": 55
    }
  }, 
  {
    "pk": 123, 
    "model": "elesma.recipeitem", 
    "fields": {
      "amount": "3.0 cl", 
      "recipe": 42, 
      "ingredient": 28
    }
  }, 
  {
    "pk": 124, 
    "model": "elesma.recipeitem", 
    "fields": {
      "amount": "1 dash", 
      "recipe": 42, 
      "ingredient": 18
    }
  }, 
  {
    "pk": 125, 
    "model": "elesma.recipeitem", 
    "fields": {
      "amount": "4.5 cl", 
      "recipe": 43, 
      "ingredient": 59
    }
  }, 
  {
    "pk": 126, 
    "model": "elesma.recipeitem", 
    "fields": {
      "amount": "9.0 cl", 
      "recipe": 43, 
      "ingredient": 12
    }
  }, 
  {
    "pk": 127, 
    "model": "elesma.recipeitem", 
    "fields": {
      "amount": "1.5 cl", 
      "recipe": 43, 
      "ingredient": 5
    }
  }, 
  {
    "pk": 1, 
    "model": "djangoratings.vote", 
    "fields": {
      "content_type": 23, 
      "object_id": 10, 
      "score": 4, 
      "user": 1, 
      "key": "2c5504ab9a86164db22a92dc8793843d", 
      "date_changed": "2010-08-15 23:44:11", 
      "date_added": "2010-08-15 23:44:11", 
      "ip_address": "127.0.0.1"
    }
  }, 
  {
    "pk": 2, 
    "model": "djangoratings.vote", 
    "fields": {
      "content_type": 23, 
      "object_id": 20, 
      "score": 3, 
      "user": 1, 
      "key": "2c5504ab9a86164db22a92dc8793843d", 
      "date_changed": "2010-08-15 23:44:19", 
      "date_added": "2010-08-15 23:44:19", 
      "ip_address": "127.0.0.1"
    }
  }, 
  {
    "pk": 3, 
    "model": "djangoratings.vote", 
    "fields": {
      "content_type": 23, 
      "object_id": 28, 
      "score": 3, 
      "user": 1, 
      "key": "2c5504ab9a86164db22a92dc8793843d", 
      "date_changed": "2010-08-15 23:44:39", 
      "date_added": "2010-08-15 23:44:39", 
      "ip_address": "127.0.0.1"
    }
  }, 
  {
    "pk": 4, 
    "model": "djangoratings.vote", 
    "fields": {
      "content_type": 23, 
      "object_id": 23, 
      "score": 5, 
      "user": 1, 
      "key": "2c5504ab9a86164db22a92dc8793843d", 
      "date_changed": "2010-08-15 23:44:50", 
      "date_added": "2010-08-15 23:44:50", 
      "ip_address": "127.0.0.1"
    }
  }, 
  {
    "pk": 5, 
    "model": "djangoratings.vote", 
    "fields": {
      "content_type": 23, 
      "object_id": 6, 
      "score": 5, 
      "user": 3, 
      "key": "2c5504ab9a86164db22a92dc8793843d", 
      "date_changed": "2010-08-16 00:02:00", 
      "date_added": "2010-08-16 00:02:00", 
      "ip_address": "127.0.0.1"
    }
  }, 
  {
    "pk": 6, 
    "model": "djangoratings.vote", 
    "fields": {
      "content_type": 23, 
      "object_id": 11, 
      "score": 4, 
      "user": 3, 
      "key": "2c5504ab9a86164db22a92dc8793843d", 
      "date_changed": "2010-08-16 00:02:04", 
      "date_added": "2010-08-16 00:02:04", 
      "ip_address": "127.0.0.1"
    }
  }, 
  {
    "pk": 7, 
    "model": "djangoratings.vote", 
    "fields": {
      "content_type": 23, 
      "object_id": 12, 
      "score": 4, 
      "user": 3, 
      "key": "2c5504ab9a86164db22a92dc8793843d", 
      "date_changed": "2010-08-16 00:02:09", 
      "date_added": "2010-08-16 00:02:09", 
      "ip_address": "127.0.0.1"
    }
  }, 
  {
    "pk": 8, 
    "model": "djangoratings.vote", 
    "fields": {
      "content_type": 23, 
      "object_id": 13, 
      "score": 4, 
      "user": 3, 
      "key": "2c5504ab9a86164db22a92dc8793843d", 
      "date_changed": "2010-08-16 00:02:12", 
      "date_added": "2010-08-16 00:02:12", 
      "ip_address": "127.0.0.1"
    }
  }, 
  {
    "pk": 9, 
    "model": "djangoratings.vote", 
    "fields": {
      "content_type": 23, 
      "object_id": 15, 
      "score": 3, 
      "user": 3, 
      "key": "2c5504ab9a86164db22a92dc8793843d", 
      "date_changed": "2010-08-16 00:02:19", 
      "date_added": "2010-08-16 00:02:19", 
      "ip_address": "127.0.0.1"
    }
  }, 
  {
    "pk": 10, 
    "model": "djangoratings.vote", 
    "fields": {
      "content_type": 23, 
      "object_id": 17, 
      "score": 3, 
      "user": 3, 
      "key": "2c5504ab9a86164db22a92dc8793843d", 
      "date_changed": "2010-08-16 00:02:24", 
      "date_added": "2010-08-16 00:02:24", 
      "ip_address": "127.0.0.1"
    }
  }, 
  {
    "pk": 11, 
    "model": "djangoratings.vote", 
    "fields": {
      "content_type": 23, 
      "object_id": 36, 
      "score": 4, 
      "user": 3, 
      "key": "2c5504ab9a86164db22a92dc8793843d", 
      "date_changed": "2010-08-16 00:06:13", 
      "date_added": "2010-08-16 00:02:29", 
      "ip_address": "127.0.0.1"
    }
  }, 
  {
    "pk": 12, 
    "model": "djangoratings.vote", 
    "fields": {
      "content_type": 23, 
      "object_id": 42, 
      "score": 2, 
      "user": 3, 
      "key": "2c5504ab9a86164db22a92dc8793843d", 
      "date_changed": "2010-08-16 00:02:37", 
      "date_added": "2010-08-16 00:02:37", 
      "ip_address": "127.0.0.1"
    }
  }, 
  {
    "pk": 13, 
    "model": "djangoratings.vote", 
    "fields": {
      "content_type": 23, 
      "object_id": 7, 
      "score": 1, 
      "user": 3, 
      "key": "2c5504ab9a86164db22a92dc8793843d", 
      "date_changed": "2010-08-16 00:06:18", 
      "date_added": "2010-08-16 00:06:18", 
      "ip_address": "127.0.0.1"
    }
  }, 
  {
    "pk": 14, 
    "model": "djangoratings.vote", 
    "fields": {
      "content_type": 23, 
      "object_id": 21, 
      "score": 4, 
      "user": 3, 
      "key": "2c5504ab9a86164db22a92dc8793843d", 
      "date_changed": "2010-08-16 00:07:11", 
      "date_added": "2010-08-16 00:07:11", 
      "ip_address": "127.0.0.1"
    }
  }, 
  {
    "pk": 15, 
    "model": "djangoratings.vote", 
    "fields": {
      "content_type": 23, 
      "object_id": 20, 
      "score": 3, 
      "user": 3, 
      "key": "2c5504ab9a86164db22a92dc8793843d", 
      "date_changed": "2010-08-16 00:07:39", 
      "date_added": "2010-08-16 00:07:39", 
      "ip_address": "127.0.0.1"
    }
  }, 
  {
    "pk": 1, 
    "model": "djangoratings.score", 
    "fields": {
      "key": "2c5504ab9a86164db22a92dc8793843d", 
      "votes": 1, 
      "score": 4, 
      "object_id": 10, 
      "content_type": 23
    }
  }, 
  {
    "pk": 2, 
    "model": "djangoratings.score", 
    "fields": {
      "key": "2c5504ab9a86164db22a92dc8793843d", 
      "votes": 2, 
      "score": 6, 
      "object_id": 20, 
      "content_type": 23
    }
  }, 
  {
    "pk": 3, 
    "model": "djangoratings.score", 
    "fields": {
      "key": "2c5504ab9a86164db22a92dc8793843d", 
      "votes": 1, 
      "score": 3, 
      "object_id": 28, 
      "content_type": 23
    }
  }, 
  {
    "pk": 4, 
    "model": "djangoratings.score", 
    "fields": {
      "key": "2c5504ab9a86164db22a92dc8793843d", 
      "votes": 1, 
      "score": 5, 
      "object_id": 23, 
      "content_type": 23
    }
  }, 
  {
    "pk": 5, 
    "model": "djangoratings.score", 
    "fields": {
      "key": "2c5504ab9a86164db22a92dc8793843d", 
      "votes": 1, 
      "score": 5, 
      "object_id": 6, 
      "content_type": 23
    }
  }, 
  {
    "pk": 6, 
    "model": "djangoratings.score", 
    "fields": {
      "key": "2c5504ab9a86164db22a92dc8793843d", 
      "votes": 1, 
      "score": 4, 
      "object_id": 11, 
      "content_type": 23
    }
  }, 
  {
    "pk": 7, 
    "model": "djangoratings.score", 
    "fields": {
      "key": "2c5504ab9a86164db22a92dc8793843d", 
      "votes": 1, 
      "score": 4, 
      "object_id": 12, 
      "content_type": 23
    }
  }, 
  {
    "pk": 8, 
    "model": "djangoratings.score", 
    "fields": {
      "key": "2c5504ab9a86164db22a92dc8793843d", 
      "votes": 1, 
      "score": 4, 
      "object_id": 13, 
      "content_type": 23
    }
  }, 
  {
    "pk": 9, 
    "model": "djangoratings.score", 
    "fields": {
      "key": "2c5504ab9a86164db22a92dc8793843d", 
      "votes": 1, 
      "score": 3, 
      "object_id": 15, 
      "content_type": 23
    }
  }, 
  {
    "pk": 10, 
    "model": "djangoratings.score", 
    "fields": {
      "key": "2c5504ab9a86164db22a92dc8793843d", 
      "votes": 1, 
      "score": 3, 
      "object_id": 17, 
      "content_type": 23
    }
  }, 
  {
    "pk": 11, 
    "model": "djangoratings.score", 
    "fields": {
      "key": "2c5504ab9a86164db22a92dc8793843d", 
      "votes": 1, 
      "score": 4, 
      "object_id": 36, 
      "content_type": 23
    }
  }, 
  {
    "pk": 12, 
    "model": "djangoratings.score", 
    "fields": {
      "key": "2c5504ab9a86164db22a92dc8793843d", 
      "votes": 1, 
      "score": 2, 
      "object_id": 42, 
      "content_type": 23
    }
  }, 
  {
    "pk": 13, 
    "model": "djangoratings.score", 
    "fields": {
      "key": "2c5504ab9a86164db22a92dc8793843d", 
      "votes": 1, 
      "score": 1, 
      "object_id": 7, 
      "content_type": 23
    }
  }, 
  {
    "pk": 14, 
    "model": "djangoratings.score", 
    "fields": {
      "key": "2c5504ab9a86164db22a92dc8793843d", 
      "votes": 1, 
      "score": 4, 
      "object_id": 21, 
      "content_type": 23
    }
  }
]
