[
    {
        "pk": 1, 
        "model": "elesma.category", 
        "fields": {
            "name": "PRE-DINNER COCKTAIL"
        }
    }, 
    {
        "pk": 2, 
        "model": "elesma.category", 
        "fields": {
            "name": "AFTER-DINNER"
        }
    }, 
    {
        "pk": 3, 
        "model": "elesma.category", 
        "fields": {
            "name": "LONG DRINK STYLE"
        }
    }, 
    {
        "pk": 1, 
        "model": "elesma.container", 
        "fields": {
            "name": "Pre dinner (old fashioned glass)"
        }
    }, 
    {
        "pk": 2, 
        "model": "elesma.container", 
        "fields": {
            "name": "Pre dinner (cocktail glass)"
        }
    }, 
    {
        "pk": 3, 
        "model": "elesma.container", 
        "fields": {
            "name": "Pre dinner ( goblet )"
        }
    }, 
    {
        "pk": 4, 
        "model": "elesma.container", 
        "fields": {
            "name": "Pre dinner (goblet)"
        }
    }, 
    {
        "pk": 5, 
        "model": "elesma.container", 
        "fields": {
            "name": "Pre dinner (cocktail or martini glass)"
        }
    }, 
    {
        "pk": 6, 
        "model": "elesma.container", 
        "fields": {
            "name": "Pre dinner (flute or wine glass)"
        }
    }, 
    {
        "pk": 7, 
        "model": "elesma.container", 
        "fields": {
            "name": "Pre dinner (flute glass)"
        }
    }, 
    {
        "pk": 8, 
        "model": "elesma.container", 
        "fields": {
            "name": "Pre dinner (martini or cocktail glass )"
        }
    }, 
    {
        "pk": 9, 
        "model": "elesma.container", 
        "fields": {
            "name": "Pre dinner ( martini or cocktail glass )"
        }
    }, 
    {
        "pk": 10, 
        "model": "elesma.container", 
        "fields": {
            "name": "Pre dinner ( martini  glass )"
        }
    }, 
    {
        "pk": 11, 
        "model": "elesma.container", 
        "fields": {
            "name": "Pre dinner ( martini glass )"
        }
    }, 
    {
        "pk": 12, 
        "model": "elesma.container", 
        "fields": {
            "name": "Pre dinner (martini glass )"
        }
    }, 
    {
        "pk": 13, 
        "model": "elesma.container", 
        "fields": {
            "name": "Pre dinner ( old fashioned glass )"
        }
    }, 
    {
        "pk": 14, 
        "model": "elesma.container", 
        "fields": {
            "name": "Pre dinner ( cocktial glass )"
        }
    }, 
    {
        "pk": 15, 
        "model": "elesma.container", 
        "fields": {
            "name": "Pre dinner ( cocktail glass )"
        }
    }, 
    {
        "pk": 16, 
        "model": "elesma.container", 
        "fields": {
            "name": "Pre dinner (old fashioned or cobbler glass)"
        }
    }, 
    {
        "pk": 17, 
        "model": "elesma.container", 
        "fields": {
            "name": "After dinner (cocktail glass)"
        }
    }, 
    {
        "pk": 18, 
        "model": "elesma.container", 
        "fields": {
            "name": "After dinner (old fashioned glass)"
        }
    }, 
    {
        "pk": 19, 
        "model": "elesma.container", 
        "fields": {
            "name": "After dinner ( old fashioned glass)"
        }
    }, 
    {
        "pk": 20, 
        "model": "elesma.container", 
        "fields": {
            "name": "After dinner ( old fashioned )"
        }
    }, 
    {
        "pk": 21, 
        "model": "elesma.container", 
        "fields": {
            "name": "After dinner ( old fashioned glass )"
        }
    }, 
    {
        "pk": 22, 
        "model": "elesma.container", 
        "fields": {
            "name": "Long drink ( flute )"
        }
    }, 
    {
        "pk": 23, 
        "model": "elesma.container", 
        "fields": {
            "name": "Long drink (highball)"
        }
    }, 
    {
        "pk": 24, 
        "model": "elesma.container", 
        "fields": {
            "name": "G Long Drink (highball)"
        }
    }, 
    {
        "pk": 25, 
        "model": "elesma.container", 
        "fields": {
            "name": "Long drink (flute)"
        }
    }, 
    {
        "pk": 26, 
        "model": "elesma.container", 
        "fields": {
            "name": "Long Drink (highball)"
        }
    }, 
    {
        "pk": 27, 
        "model": "elesma.container", 
        "fields": {
            "name": "Long drink (fl&ucirc;te)"
        }
    }, 
    {
        "pk": 28, 
        "model": "elesma.container", 
        "fields": {
            "name": "Long drink ( highball )"
        }
    }, 
    {
        "pk": 29, 
        "model": "elesma.container", 
        "fields": {
            "name": "Long drink ( highball glass)"
        }
    }, 
    {
        "pk": 30, 
        "model": "elesma.container", 
        "fields": {
            "name": "Long drink ( Irish coffee- glass )"
        }
    }, 
    {
        "pk": 31, 
        "model": "elesma.container", 
        "fields": {
            "name": "Long drink ( tumbler or fashion glass )"
        }
    }, 
    {
        "pk": 1, 
        "model": "elesma.ingredient", 
        "fields": {
            "name": " Campari"
        }
    }, 
    {
        "pk": 2, 
        "model": "elesma.ingredient", 
        "fields": {
            "name": "Sweet Red Vermouth"
        }
    }, 
    {
        "pk": 3, 
        "model": "elesma.ingredient", 
        "fields": {
            "name": "Bacardi Rum White"
        }
    }, 
    {
        "pk": 4, 
        "model": "elesma.ingredient", 
        "fields": {
            "name": "Lemon or lime juice"
        }
    }, 
    {
        "pk": 5, 
        "model": "elesma.ingredient", 
        "fields": {
            "name": "Grenadine syrup"
        }
    }, 
    {
        "pk": 6, 
        "model": "elesma.ingredient", 
        "fields": {
            "name": "White Rum"
        }
    }, 
    {
        "pk": 7, 
        "model": "elesma.ingredient", 
        "fields": {
            "name": "Fresh lemon or lime juice"
        }
    }, 
    {
        "pk": 8, 
        "model": "elesma.ingredient", 
        "fields": {
            "name": "Gomme syrup"
        }
    }, 
    {
        "pk": 9, 
        "model": "elesma.ingredient", 
        "fields": {
            "name": "Lemon juice or Lime Juice"
        }
    }, 
    {
        "pk": 10, 
        "model": "elesma.ingredient", 
        "fields": {
            "name": "of ice cream"
        }
    }, 
    {
        "pk": 11, 
        "model": "elesma.ingredient", 
        "fields": {
            "name": " Fresh lemon or lime juice"
        }
    }, 
    {
        "pk": 12, 
        "model": "elesma.ingredient", 
        "fields": {
            "name": "of Gomme Syrup"
        }
    }, 
    {
        "pk": 13, 
        "model": "elesma.ingredient", 
        "fields": {
            "name": "Banana"
        }
    }, 
    {
        "pk": 14, 
        "model": "elesma.ingredient", 
        "fields": {
            "name": "Gin"
        }
    }, 
    {
        "pk": 15, 
        "model": "elesma.ingredient", 
        "fields": {
            "name": "Dry Vermouth"
        }
    }, 
    {
        "pk": 16, 
        "model": "elesma.ingredient", 
        "fields": {
            "name": "Orange Juice"
        }
    }, 
    {
        "pk": 17, 
        "model": "elesma.ingredient", 
        "fields": {
            "name": "Dry White Wine"
        }
    }, 
    {
        "pk": 18, 
        "model": "elesma.ingredient", 
        "fields": {
            "name": "Cr&egrave;me de Cassis"
        }
    }, 
    {
        "pk": 19, 
        "model": "elesma.ingredient", 
        "fields": {
            "name": "Champagne"
        }
    }, 
    {
        "pk": 20, 
        "model": "elesma.ingredient", 
        "fields": {
            "name": "Rye or Canadian whiskey"
        }
    }, 
    {
        "pk": 21, 
        "model": "elesma.ingredient", 
        "fields": {
            "name": "Red Vermouth"
        }
    }, 
    {
        "pk": 22, 
        "model": "elesma.ingredient", 
        "fields": {
            "name": "Angostura Bitter"
        }
    }, 
    {
        "pk": 23, 
        "model": "elesma.ingredient", 
        "fields": {
            "name": "Dry vermouth"
        }
    }, 
    {
        "pk": 24, 
        "model": "elesma.ingredient", 
        "fields": {
            "name": "Angostura Bitters"
        }
    }, 
    {
        "pk": 25, 
        "model": "elesma.ingredient", 
        "fields": {
            "name": ""
        }
    }, 
    {
        "pk": 26, 
        "model": "elesma.ingredient", 
        "fields": {
            "name": "Cointreau"
        }
    }, 
    {
        "pk": 27, 
        "model": "elesma.ingredient", 
        "fields": {
            "name": "ingredients into shaker with ice cubes. Shake well. Strain into chilled\ncocktail glass rimmed with crusted salt."
        }
    }, 
    {
        "pk": 28, 
        "model": "elesma.ingredient", 
        "fields": {
            "name": "Vodka"
        }
    }, 
    {
        "pk": 29, 
        "model": "elesma.ingredient", 
        "fields": {
            "name": "Campari"
        }
    }, 
    {
        "pk": 30, 
        "model": "elesma.ingredient", 
        "fields": {
            "name": " Sweet Red Vermouth"
        }
    }, 
    {
        "pk": 31, 
        "model": "elesma.ingredient", 
        "fields": {
            "name": "ingredients directly into old fashioned glass filled with ice. Stir\ngently. Garnish with half orange slice and stirer."
        }
    }, 
    {
        "pk": 32, 
        "model": "elesma.ingredient", 
        "fields": {
            "name": ", Scotch or Rye whiskey"
        }
    }, 
    {
        "pk": 33, 
        "model": "elesma.ingredient", 
        "fields": {
            "name": "cube"
        }
    }, 
    {
        "pk": 34, 
        "model": "elesma.ingredient", 
        "fields": {
            "name": "Soda Water"
        }
    }, 
    {
        "pk": 35, 
        "model": "elesma.ingredient", 
        "fields": {
            "name": "Apricot Brandy"
        }
    }, 
    {
        "pk": 36, 
        "model": "elesma.ingredient", 
        "fields": {
            "name": "Orange juice"
        }
    }, 
    {
        "pk": 37, 
        "model": "elesma.ingredient", 
        "fields": {
            "name": "Scotch Whisky"
        }
    }, 
    {
        "pk": 38, 
        "model": "elesma.ingredient", 
        "fields": {
            "name": "Kirsch"
        }
    }, 
    {
        "pk": 39, 
        "model": "elesma.ingredient", 
        "fields": {
            "name": "Cherry Brandy"
        }
    }, 
    {
        "pk": 40, 
        "model": "elesma.ingredient", 
        "fields": {
            "name": "Bourbon whiskey"
        }
    }, 
    {
        "pk": 41, 
        "model": "elesma.ingredient", 
        "fields": {
            "name": "Fresh lemon juice"
        }
    }, 
    {
        "pk": 42, 
        "model": "elesma.ingredient", 
        "fields": {
            "name": "egg  white"
        }
    }, 
    {
        "pk": 43, 
        "model": "elesma.ingredient", 
        "fields": {
            "name": "Cognac"
        }
    }, 
    {
        "pk": 44, 
        "model": "elesma.ingredient", 
        "fields": {
            "name": "Cr&eacute;me de Cacao (brown)"
        }
    }, 
    {
        "pk": 45, 
        "model": "elesma.ingredient", 
        "fields": {
            "name": "Fresh cream"
        }
    }, 
    {
        "pk": 46, 
        "model": "elesma.ingredient", 
        "fields": {
            "name": "Coffee liqueur"
        }
    }, 
    {
        "pk": 47, 
        "model": "elesma.ingredient", 
        "fields": {
            "name": "Amaretto liqueur"
        }
    }, 
    {
        "pk": 48, 
        "model": "elesma.ingredient", 
        "fields": {
            "name": "Amaretto"
        }
    }, 
    {
        "pk": 49, 
        "model": "elesma.ingredient", 
        "fields": {
            "name": "Liquore Galliano"
        }
    }, 
    {
        "pk": 50, 
        "model": "elesma.ingredient", 
        "fields": {
            "name": "Cr&eacute;me de cacao (white)"
        }
    }, 
    {
        "pk": 51, 
        "model": "elesma.ingredient", 
        "fields": {
            "name": "Fresh orange juice"
        }
    }, 
    {
        "pk": 52, 
        "model": "elesma.ingredient", 
        "fields": {
            "name": "Cr&eacute;me de menthe (green)"
        }
    }, 
    {
        "pk": 53, 
        "model": "elesma.ingredient", 
        "fields": {
            "name": "Brandy"
        }
    }, 
    {
        "pk": 54, 
        "model": "elesma.ingredient", 
        "fields": {
            "name": "Red Port"
        }
    }, 
    {
        "pk": 55, 
        "model": "elesma.ingredient", 
        "fields": {
            "name": "Yolk egg"
        }
    }, 
    {
        "pk": 56, 
        "model": "elesma.ingredient", 
        "fields": {
            "name": "Scotch whisky"
        }
    }, 
    {
        "pk": 57, 
        "model": "elesma.ingredient", 
        "fields": {
            "name": "Drambuie"
        }
    }, 
    {
        "pk": 58, 
        "model": "elesma.ingredient", 
        "fields": {
            "name": "Dry Sparkling Wine (white)"
        }
    }, 
    {
        "pk": 59, 
        "model": "elesma.ingredient", 
        "fields": {
            "name": "Fresh Peach puree"
        }
    }, 
    {
        "pk": 60, 
        "model": "elesma.ingredient", 
        "fields": {
            "name": "puree into chilled flute, add gently chilled sparkling wine (white). Stir gently."
        }
    }, 
    {
        "pk": 61, 
        "model": "elesma.ingredient", 
        "fields": {
            "name": "Tomato juice"
        }
    }, 
    {
        "pk": 62, 
        "model": "elesma.ingredient", 
        "fields": {
            "name": "Lemon juice"
        }
    }, 
    {
        "pk": 63, 
        "model": "elesma.ingredient", 
        "fields": {
            "name": "Milk"
        }
    }, 
    {
        "pk": 64, 
        "model": "elesma.ingredient", 
        "fields": {
            "name": "egg"
        }
    }, 
    {
        "pk": 65, 
        "model": "elesma.ingredient", 
        "fields": {
            "name": "Champagne or Dry Sparkling Wine"
        }
    }, 
    {
        "pk": 66, 
        "model": "elesma.ingredient", 
        "fields": {
            "name": "Cold beef bouillon"
        }
    }, 
    {
        "pk": 67, 
        "model": "elesma.ingredient", 
        "fields": {
            "name": "ingredients directly into highball with ice cubes, add several dashes\nof Worchestershire Sauce, Tabasco, Salt and Pepper. Stir the ingredients. Garnish\nwith Celery Salt."
        }
    }, 
    {
        "pk": 68, 
        "model": "elesma.ingredient", 
        "fields": {
            "name": "Chilled Champagne or Sparkling wine"
        }
    }, 
    {
        "pk": 69, 
        "model": "elesma.ingredient", 
        "fields": {
            "name": "Soda water"
        }
    }, 
    {
        "pk": 70, 
        "model": "elesma.ingredient", 
        "fields": {
            "name": "ingredients directly into highball filled with ice. Stir gently. Garnish\n   with lemon slice and maraschino cherry."
        }
    }, 
    {
        "pk": 71, 
        "model": "elesma.ingredient", 
        "fields": {
            "name": "of Angostura bitter."
        }
    }, 
    {
        "pk": 72, 
        "model": "elesma.ingredient", 
        "fields": {
            "name": "Liquore Galliano (float on the top)"
        }
    }, 
    {
        "pk": 73, 
        "model": "elesma.ingredient", 
        "fields": {
            "name": "Ginger Ale"
        }
    }, 
    {
        "pk": 74, 
        "model": "elesma.ingredient", 
        "fields": {
            "name": "Angostura bitter (optional)"
        }
    }, 
    {
        "pk": 75, 
        "model": "elesma.ingredient", 
        "fields": {
            "name": "Irish Whiskey"
        }
    }, 
    {
        "pk": 76, 
        "model": "elesma.ingredient", 
        "fields": {
            "name": "Hot coffee"
        }
    }, 
    {
        "pk": 77, 
        "model": "elesma.ingredient", 
        "fields": {
            "name": "spoon of brown sugar"
        }
    }, 
    {
        "pk": 78, 
        "model": "elesma.ingredient", 
        "fields": {
            "name": "the glass (for hot drink) hot coffee, Irish whiskey, and add a teaspoon\nof sugar. Warm the mixture over a burner. Do not boil the mixture."
        }
    }, 
    {
        "pk": 79, 
        "model": "elesma.ingredient", 
        "fields": {
            "name": "Coconut cream"
        }
    }, 
    {
        "pk": 80, 
        "model": "elesma.ingredient", 
        "fields": {
            "name": "Pineapple juice"
        }
    }, 
    {
        "pk": 81, 
        "model": "elesma.ingredient", 
        "fields": {
            "name": "Rum"
        }
    }, 
    {
        "pk": 82, 
        "model": "elesma.ingredient", 
        "fields": {
            "name": "DOM Benedictine"
        }
    }, 
    {
        "pk": 83, 
        "model": "elesma.ingredient", 
        "fields": {
            "name": "Grenadine"
        }
    }, 
    {
        "pk": 84, 
        "model": "elesma.ingredient", 
        "fields": {
            "name": "Tequila"
        }
    }, 
    {
        "pk": 1, 
        "model": "elesma.recipe", 
        "fields": {
            "category": 1, 
            "container": 1, 
            "description": "", 
            "directions": "Mix the ingredients directly in old fashioned glass filled with ice cubes. Add\nSoda Water. Garnish with half orange slice and lemon peel.", 
            "slug": "americano", 
            "name": "AMERICANO"
        }
    }, 
    {
        "pk": 2, 
        "model": "elesma.recipe", 
        "fields": {
            "category": 1, 
            "container": 2, 
            "description": "", 
            "directions": "Pour all ingredients into shaker with ice cubes, shake well, strain into chilled\ncocktail glass .", 
            "slug": "bacardi-cocktail-", 
            "name": "BACARDI COCKTAIL "
        }
    }, 
    {
        "pk": 3, 
        "model": "elesma.recipe", 
        "fields": {
            "category": 1, 
            "container": 2, 
            "description": "", 
            "directions": "Pour all ingredients into shaker with ice cubes. Shake well. Strain in chilled\ncocktail glass.", 
            "slug": "daiquiri", 
            "name": "DAIQUIRI"
        }
    }, 
    {
        "pk": 4, 
        "model": "elesma.recipe", 
        "fields": {
            "category": 1, 
            "container": 3, 
            "description": "", 
            "directions": "Pour all ingredients into blender with crushed ice. Blend until slushy and smooth and pour\ninto chilled goblet.", 
            "slug": "frozen-daiquiri", 
            "name": "FROZEN DAIQUIRI"
        }
    }, 
    {
        "pk": 5, 
        "model": "elesma.recipe", 
        "fields": {
            "category": 1, 
            "container": 4, 
            "description": "", 
            "directions": "Pour all ingredients, with half fresh banana, into blender with crushed ice,\n    blend until slushy. Pour into chilled goblet.", 
            "slug": "banana-daiquiri", 
            "name": "BANANA DAIQUIRI"
        }
    }, 
    {
        "pk": 6, 
        "model": "elesma.recipe", 
        "fields": {
            "category": 1, 
            "container": 5, 
            "description": "", 
            "directions": "Pour into shaker all ingredients with ice cubes, shake well. Strain in chilled\ncocktail or martini glass.", 
            "slug": "bronx", 
            "name": "BRONX"
        }
    }, 
    {
        "pk": 7, 
        "model": "elesma.recipe", 
        "fields": {
            "category": 1, 
            "container": 6, 
            "description": "", 
            "directions": "Pour Cr&egrave;me de Cassis into flute glass, top up with white wine.", 
            "slug": "kir", 
            "name": "KIR"
        }
    }, 
    {
        "pk": 8, 
        "model": "elesma.recipe", 
        "fields": {
            "category": 1, 
            "container": 7, 
            "description": "", 
            "directions": "Pour Cr&egrave;me de Cassis into flute glass, top up with Champagne.", 
            "slug": "kir-royal", 
            "name": "KIR ROYAL"
        }
    }, 
    {
        "pk": 9, 
        "model": "elesma.recipe", 
        "fields": {
            "category": 1, 
            "container": 8, 
            "description": "", 
            "directions": "Pour all ingredients into mixing glass with ice cubes. Stir well. Strain into\nchilled martini or cocktail glass. Garnish with maraschino cherry.", 
            "slug": "manhattan", 
            "name": "MANHATTAN"
        }
    }, 
    {
        "pk": 10, 
        "model": "elesma.recipe", 
        "fields": {
            "category": 1, 
            "container": 9, 
            "description": "", 
            "directions": "Pour all ingredients into mixing glass with ice cubes. Stir well. Strain in chilled\n    martini or cocktail glass. Garnish with lemon twist.", 
            "slug": "manhattan-dry", 
            "name": "MANHATTAN DRY"
        }
    }, 
    {
        "pk": 11, 
        "model": "elesma.recipe", 
        "fields": {
            "category": 1, 
            "container": 2, 
            "description": "", 
            "directions": "(Fruit Margarita - blend selected fruit with the above recipe)", 
            "slug": "margarita", 
            "name": "MARGARITA"
        }
    }, 
    {
        "pk": 12, 
        "model": "elesma.recipe", 
        "fields": {
            "category": 1, 
            "container": 10, 
            "description": "", 
            "directions": "Pour all ingredients into mixing glass with ice cubes. Stir well Strain in chilled\n  martini cocktail glass. Squeeze oil from lemon peel onto the drink, or garnish with olive.", 
            "slug": "martini-(-dry-)", 
            "name": "MARTINI ( DRY )"
        }
    }, 
    {
        "pk": 13, 
        "model": "elesma.recipe", 
        "fields": {
            "category": 1, 
            "container": 11, 
            "description": "", 
            "directions": "Pour all ingredients into mixing glass with ice cubes. Stir well. Strain in chilled\nmartini glass. Garnish with lemon peel and, or, maraschino cherry.", 
            "slug": "martini-(-perfect-)", 
            "name": "MARTINI ( PERFECT )"
        }
    }, 
    {
        "pk": 14, 
        "model": "elesma.recipe", 
        "fields": {
            "category": 1, 
            "container": 11, 
            "description": "", 
            "directions": "Pour all ingredients into mixing glass with ice cubes. Stir well. Strain in chilled\nmartini glass. If served &quot;On the rocks &quot;, pour ingredients and ice\ninto old fashioned glass. Garnish with maraschino cherry.", 
            "slug": "martini-(-sweet-)", 
            "name": "MARTINI ( SWEET )"
        }
    }, 
    {
        "pk": 15, 
        "model": "elesma.recipe", 
        "fields": {
            "category": 1, 
            "container": 11, 
            "description": "", 
            "directions": "Pour all ingredients into mixing glass with ice cubes. Stir well. Strain into\nmartini glass. Squeeze oil from lemon peel onto the drink. Optional garnish:\ngreen olive.", 
            "slug": "-martini-(-vodka-)", 
            "name": " MARTINI ( VODKA )"
        }
    }, 
    {
        "pk": 16, 
        "model": "elesma.recipe", 
        "fields": {
            "category": 1, 
            "container": 12, 
            "description": "", 
            "directions": "Pour gin and vermouth into mixing glass with ice cubes. Stir well and strain\ninto a chilled martini glass. Garnish with silverskin onion.", 
            "slug": "gibson", 
            "name": "GIBSON"
        }
    }, 
    {
        "pk": 17, 
        "model": "elesma.recipe", 
        "fields": {
            "category": 1, 
            "container": 13, 
            "description": "", 
            "directions": "Optional : Splash of Soda Water.", 
            "slug": "negroni", 
            "name": "NEGRONI"
        }
    }, 
    {
        "pk": 18, 
        "model": "elesma.recipe", 
        "fields": {
            "category": 1, 
            "container": 13, 
            "description": "", 
            "directions": "Place suger cube in old fashioned glass and saturate with bitter, as a dash of soda water. Muddle until dissolve. Fill the glass with ice cubes and add whisky. Garnish with orange slice, lemon twist and two maraschino cherries", 
            "slug": "old-fashioned", 
            "name": "OLD FASHIONED"
        }
    }, 
    {
        "pk": 19, 
        "model": "elesma.recipe", 
        "fields": {
            "category": 1, 
            "container": 2, 
            "description": "", 
            "directions": "Pour all ingredients into cocktail shaker filled with ice. Shake briskly for\nfew seconds. Strain into chilled cocktail glass.", 
            "slug": "paradise", 
            "name": "PARADISE"
        }
    }, 
    {
        "pk": 20, 
        "model": "elesma.recipe", 
        "fields": {
            "category": 1, 
            "container": 14, 
            "description": "", 
            "directions": "Pour all ingredients into mixing glass with ice cubes. Stir well. Strain into\nchilled cocktail glass. Garnish with maraschino cherry .", 
            "slug": "rob-roy", 
            "name": "ROB ROY"
        }
    }, 
    {
        "pk": 21, 
        "model": "elesma.recipe", 
        "fields": {
            "category": 1, 
            "container": 15, 
            "description": "", 
            "directions": "Pour all ingredients into mixing glass with filled ice. Stir well. Strain into\nchilled cocktail glass. Garnish with maraschino cherry.", 
            "slug": "rose", 
            "name": "ROSE"
        }
    }, 
    {
        "pk": 22, 
        "model": "elesma.recipe", 
        "fields": {
            "category": 1, 
            "container": 16, 
            "description": "", 
            "directions": "Pour all ingredients into cocktail shaker filled with ice. Shake well. Strain\nin old fashioned or cobbler glass. If served &quot;On the rocks&quot;, strain ingredients\ninto old fashioned glass filled with ice. Garnish with half orange slice and\nmaraschino cherry.", 
            "slug": "whiskey-sour", 
            "name": "WHISKEY SOUR"
        }
    }, 
    {
        "pk": 23, 
        "model": "elesma.recipe", 
        "fields": {
            "category": 2, 
            "container": 17, 
            "description": "", 
            "directions": "Pour all ingredients into shaker with ice cubes, shake well, strain into chilled\ncocktail glass . Sprinkle with fresh ground nutmeg.", 
            "slug": "brandy-alexander", 
            "name": "BRANDY ALEXANDER"
        }
    }, 
    {
        "pk": 24, 
        "model": "elesma.recipe", 
        "fields": {
            "category": 2, 
            "container": 18, 
            "description": "", 
            "directions": "Pour the ingredients into the old fashioned glass filled with ice cubes. Stir\ngently.", 
            "slug": "black-russian", 
            "name": "BLACK RUSSIAN"
        }
    }, 
    {
        "pk": 25, 
        "model": "elesma.recipe", 
        "fields": {
            "category": 2, 
            "container": 19, 
            "description": "", 
            "directions": "Pour coffee liqueur and vodka directly into old fashioned glass filled with\n ice. Float fresh cream on the top and stir in slowly..", 
            "slug": "white-russian", 
            "name": "WHITE RUSSIAN"
        }
    }, 
    {
        "pk": 26, 
        "model": "elesma.recipe", 
        "fields": {
            "category": 2, 
            "container": 20, 
            "description": "", 
            "directions": "Pour all ingredients directly into old fashioned with ice cubes. Stir gently.", 
            "slug": "french-connection", 
            "name": "FRENCH CONNECTION"
        }
    }, 
    {
        "pk": 27, 
        "model": "elesma.recipe", 
        "fields": {
            "category": 2, 
            "container": 21, 
            "description": "", 
            "directions": "Pour all ingredients directly in old fashioned glass filled with ice cubes.", 
            "slug": "god-mother", 
            "name": "GOD MOTHER"
        }
    }, 
    {
        "pk": 28, 
        "model": "elesma.recipe", 
        "fields": {
            "category": 2, 
            "container": 17, 
            "description": "", 
            "directions": "Pour all ingredients into shaker filled with ice. Shake briskly for few seconds.\nStrain into chilled cocktail glass.", 
            "slug": "golden-cadillac", 
            "name": "GOLDEN CADILLAC"
        }
    }, 
    {
        "pk": 29, 
        "model": "elesma.recipe", 
        "fields": {
            "category": 2, 
            "container": 17, 
            "description": "", 
            "directions": "Pour all ingredients into shaker filled with ice. Shake briskly for few seconds.\nStrain into chilled cocktail glass.", 
            "slug": "golden-dream", 
            "name": "GOLDEN DREAM"
        }
    }, 
    {
        "pk": 30, 
        "model": "elesma.recipe", 
        "fields": {
            "category": 2, 
            "container": 17, 
            "description": "", 
            "directions": "Pour all ingredients into shaker filled with ice. Shake briskly for few seconds.\nStrain into chilled cocktail glass.", 
            "slug": "grasshopper", 
            "name": "GRASSHOPPER"
        }
    }, 
    {
        "pk": 31, 
        "model": "elesma.recipe", 
        "fields": {
            "category": 2, 
            "container": 17, 
            "description": "", 
            "directions": "Pour all ingredients into cocktail shaker filled with ice. Shake well. Strain\n into cocktail glass. Sprinkle with fresh ground nutmeg.", 
            "slug": "porto-flip", 
            "name": "PORTO FLIP"
        }
    }, 
    {
        "pk": 32, 
        "model": "elesma.recipe", 
        "fields": {
            "category": 2, 
            "container": 19, 
            "description": "", 
            "directions": "Pour all ingredients directly into old fashioned glass filled with ice. Stir gently.\nGarnish with lemon twist.", 
            "slug": "rusty-nail", 
            "name": "RUSTY NAIL"
        }
    }, 
    {
        "pk": 33, 
        "model": "elesma.recipe", 
        "fields": {
            "category": 3, 
            "container": 22, 
            "description": "", 
            "directions": "Garnish with slice of peach.", 
            "slug": "bellini", 
            "name": "BELLINI"
        }
    }, 
    {
        "pk": 34, 
        "model": "elesma.recipe", 
        "fields": {
            "category": 3, 
            "container": 23, 
            "description": "", 
            "directions": "Add dashes of Worchestershire Sauce, Tabasco , salt and pepper into highball\nglass, then pour all ingredients into highball with ice cubes. Stir gently. Garnish\nwith Celery Salt and lemon wedge (optional).", 
            "slug": "bloody-mary", 
            "name": "BLOODY MARY"
        }
    }, 
    {
        "pk": 35, 
        "model": "elesma.recipe", 
        "fields": {
            "category": 3, 
            "container": 24, 
            "description": "", 
            "directions": "Pour all ingredients into shaker with ice cubes, shake well. Strain into a highball\nwith ice cubes. Sprinkle with fresh ground nutmeg.", 
            "slug": "brandy-egg-nog", 
            "name": "BRANDY EGG NOG"
        }
    }, 
    {
        "pk": 36, 
        "model": "elesma.recipe", 
        "fields": {
            "category": 3, 
            "container": 25, 
            "description": "", 
            "directions": "Pour orange juice into fl&ucirc;te and gently pour Champagne or Dry Sparkling Wine. Stir gently. Garnish with orange twist (optional)", 
            "slug": "buck's-fizz", 
            "name": "BUCK'S FIZZ"
        }
    }, 
    {
        "pk": 37, 
        "model": "elesma.recipe", 
        "fields": {
            "category": 3, 
            "container": 25, 
            "description": "", 
            "directions": "Pour orange juice into fl&ucirc;te and gently pour sparkling wine. Stir gently. Garnish with orange twist (optional)", 
            "slug": "mimosa", 
            "name": "MIMOSA"
        }
    }, 
    {
        "pk": 38, 
        "model": "elesma.recipe", 
        "fields": {
            "category": 3, 
            "container": 26, 
            "description": "", 
            "directions": "(Note: May be served hot in cold weather).", 
            "slug": "bull-shot", 
            "name": "BULL SHOT"
        }
    }, 
    {
        "pk": 39, 
        "model": "elesma.recipe", 
        "fields": {
            "category": 3, 
            "container": 27, 
            "description": "", 
            "directions": "Add two dashes Angostura Bitter into flute, and one half sugar cube. Pour gently\nchilled champagne. Garnish with orange slice and maraschino cherry", 
            "slug": "champagne-cocktail", 
            "name": "CHAMPAGNE COCKTAIL"
        }
    }, 
    {
        "pk": 40, 
        "model": "elesma.recipe", 
        "fields": {
            "category": 3, 
            "container": 28, 
            "description": "", 
            "directions": "(Note: Use 'Old Tom' Gin for Tom Collins).", 
            "slug": "john-collins", 
            "name": "JOHN COLLINS"
        }
    }, 
    {
        "pk": 41, 
        "model": "elesma.recipe", 
        "fields": {
            "category": 3, 
            "container": 28, 
            "description": "", 
            "directions": "Shake all ingredients with ice cubes, except soda water. Pour into highball glass.\nTop with Soda water.", 
            "slug": "gin-fizz", 
            "name": "GIN FIZZ"
        }
    }, 
    {
        "pk": 42, 
        "model": "elesma.recipe", 
        "fields": {
            "category": 3, 
            "container": 28, 
            "description": "", 
            "directions": "Pour vodka and orange juice directly into highball, filled with ice cubes, stir\ngently, add (float) Liquore Galliano on the top . Garnish with orange slice and\nmaraschino cherry.", 
            "slug": "harvey-wallbanger", 
            "name": "HARVEY WALLBANGER"
        }
    }, 
    {
        "pk": 43, 
        "model": "elesma.recipe", 
        "fields": {
            "category": 3, 
            "container": 29, 
            "description": "", 
            "directions": "Pour brandy and ginger ale directly into highball glass with ice cubes. Stir gently.\nGarnish with rind of one lemon spiral. If required, add dashes of Angostura\nBitter.", 
            "slug": "horse's-neck", 
            "name": "HORSE'S NECK"
        }
    }, 
    {
        "pk": 44, 
        "model": "elesma.recipe", 
        "fields": {
            "category": 3, 
            "container": 30, 
            "description": "", 
            "directions": "Float Cream on top. Suggested to use a coffee spoon, place near the surface of\nglass and pour the cream gently over to enable it to float.", 
            "slug": "irish-coffee", 
            "name": "IRISH COFFEE"
        }
    }, 
    {
        "pk": 45, 
        "model": "elesma.recipe", 
        "fields": {
            "category": 3, 
            "container": 31, 
            "description": "", 
            "directions": "Pour all ingredients into blender or shaker with crushed ice. Blend or shake until smooth. Pour\n  into chilled glass. Garnish with pineapple wedge and maraschino cherry and straw.", 
            "slug": "pina-colada", 
            "name": "PINA COLADA"
        }
    }, 
    {
        "pk": 46, 
        "model": "elesma.recipe", 
        "fields": {
            "category": 3, 
            "container": 28, 
            "description": "", 
            "directions": "Pour all ingredients into shaker filled with ice. Shake well. Pour into highball\nwith ice. Top up with Soda water. Stir gently and add a dash of Angostura bitters. Garnish with lemon and orange\nslices.", 
            "slug": "planter's-punch", 
            "name": "PLANTER'S PUNCH"
        }
    }, 
    {
        "pk": 47, 
        "model": "elesma.recipe", 
        "fields": {
            "category": 3, 
            "container": 28, 
            "description": "", 
            "directions": "Pour all ingredients directly into highball glass filled with ice. Stir gently.\nGarnish with orange slice.", 
            "slug": "screwdriver", 
            "name": "SCREWDRIVER"
        }
    }, 
    {
        "pk": 48, 
        "model": "elesma.recipe", 
        "fields": {
            "category": 3, 
            "container": 28, 
            "description": "", 
            "directions": "Pour all ingredients into cocktail shaker filled with ice cubes.\nShake well. Strain into highball glass. \nGarnish with pineapple and maraschino cherry.", 
            "slug": "singapore-sling", 
            "name": "SINGAPORE SLING"
        }
    }, 
    {
        "pk": 49, 
        "model": "elesma.recipe", 
        "fields": {
            "category": 3, 
            "container": 28, 
            "description": "", 
            "directions": "Pour tequila and orange juice directly into highball with ice cubes. Add a splash\nof Grenadine syrup to create chromatic effect (sunrise), do not stir. Garnish with orange slice and cherry, straw and stirrer.", 
            "slug": "tequila-sunrise", 
            "name": "TEQUILA SUNRISE"
        }
    }, 
    {
        "pk": 1, 
        "model": "elesma.recipeitem", 
        "fields": {
            "amount": "3.0 cl", 
            "recipe": 1, 
            "ingredient": 1
        }
    }, 
    {
        "pk": 2, 
        "model": "elesma.recipeitem", 
        "fields": {
            "amount": "3.0 cl", 
            "recipe": 1, 
            "ingredient": 2
        }
    }, 
    {
        "pk": 3, 
        "model": "elesma.recipeitem", 
        "fields": {
            "amount": "4.5 cl", 
            "recipe": 2, 
            "ingredient": 3
        }
    }, 
    {
        "pk": 4, 
        "model": "elesma.recipeitem", 
        "fields": {
            "amount": "2.0 cl", 
            "recipe": 2, 
            "ingredient": 4
        }
    }, 
    {
        "pk": 5, 
        "model": "elesma.recipeitem", 
        "fields": {
            "amount": "0.5 cl", 
            "recipe": 2, 
            "ingredient": 5
        }
    }, 
    {
        "pk": 6, 
        "model": "elesma.recipeitem", 
        "fields": {
            "amount": "4.5 cl", 
            "recipe": 3, 
            "ingredient": 6
        }
    }, 
    {
        "pk": 7, 
        "model": "elesma.recipeitem", 
        "fields": {
            "amount": "2.0 cl", 
            "recipe": 3, 
            "ingredient": 7
        }
    }, 
    {
        "pk": 8, 
        "model": "elesma.recipeitem", 
        "fields": {
            "amount": "0.5 cl", 
            "recipe": 3, 
            "ingredient": 8
        }
    }, 
    {
        "pk": 9, 
        "model": "elesma.recipeitem", 
        "fields": {
            "amount": "4.5 cl", 
            "recipe": 4, 
            "ingredient": 6
        }
    }, 
    {
        "pk": 10, 
        "model": "elesma.recipeitem", 
        "fields": {
            "amount": "2.0 cl", 
            "recipe": 4, 
            "ingredient": 9
        }
    }, 
    {
        "pk": 11, 
        "model": "elesma.recipeitem", 
        "fields": {
            "amount": "0.5 cl", 
            "recipe": 4, 
            "ingredient": 8
        }
    }, 
    {
        "pk": 12, 
        "model": "elesma.recipeitem", 
        "fields": {
            "amount": "One scoop", 
            "recipe": 4, 
            "ingredient": 10
        }
    }, 
    {
        "pk": 13, 
        "model": "elesma.recipeitem", 
        "fields": {
            "amount": "4.5 cl", 
            "recipe": 5, 
            "ingredient": 6
        }
    }, 
    {
        "pk": 14, 
        "model": "elesma.recipeitem", 
        "fields": {
            "amount": "2.0 cl", 
            "recipe": 5, 
            "ingredient": 11
        }
    }, 
    {
        "pk": 15, 
        "model": "elesma.recipeitem", 
        "fields": {
            "amount": "0.5 cl", 
            "recipe": 5, 
            "ingredient": 12
        }
    }, 
    {
        "pk": 16, 
        "model": "elesma.recipeitem", 
        "fields": {
            "amount": "&frac12; Fresh", 
            "recipe": 5, 
            "ingredient": 13
        }
    }, 
    {
        "pk": 17, 
        "model": "elesma.recipeitem", 
        "fields": {
            "amount": "3.0 cl", 
            "recipe": 6, 
            "ingredient": 14
        }
    }, 
    {
        "pk": 18, 
        "model": "elesma.recipeitem", 
        "fields": {
            "amount": "1.5 cl", 
            "recipe": 6, 
            "ingredient": 2
        }
    }, 
    {
        "pk": 19, 
        "model": "elesma.recipeitem", 
        "fields": {
            "amount": "1.0 cl", 
            "recipe": 6, 
            "ingredient": 15
        }
    }, 
    {
        "pk": 20, 
        "model": "elesma.recipeitem", 
        "fields": {
            "amount": "1.5 cl", 
            "recipe": 6, 
            "ingredient": 16
        }
    }, 
    {
        "pk": 21, 
        "model": "elesma.recipeitem", 
        "fields": {
            "amount": "9.0 cl", 
            "recipe": 7, 
            "ingredient": 17
        }
    }, 
    {
        "pk": 22, 
        "model": "elesma.recipeitem", 
        "fields": {
            "amount": "1.0 cl", 
            "recipe": 7, 
            "ingredient": 18
        }
    }, 
    {
        "pk": 23, 
        "model": "elesma.recipeitem", 
        "fields": {
            "amount": "9.0 cl", 
            "recipe": 8, 
            "ingredient": 19
        }
    }, 
    {
        "pk": 24, 
        "model": "elesma.recipeitem", 
        "fields": {
            "amount": "1.0 cl", 
            "recipe": 8, 
            "ingredient": 18
        }
    }, 
    {
        "pk": 25, 
        "model": "elesma.recipeitem", 
        "fields": {
            "amount": "5.0 cl", 
            "recipe": 9, 
            "ingredient": 20
        }
    }, 
    {
        "pk": 26, 
        "model": "elesma.recipeitem", 
        "fields": {
            "amount": "2.0 cl", 
            "recipe": 9, 
            "ingredient": 21
        }
    }, 
    {
        "pk": 27, 
        "model": "elesma.recipeitem", 
        "fields": {
            "amount": "1 Dash", 
            "recipe": 9, 
            "ingredient": 22
        }
    }, 
    {
        "pk": 28, 
        "model": "elesma.recipeitem", 
        "fields": {
            "amount": "5.0 cl", 
            "recipe": 10, 
            "ingredient": 20
        }
    }, 
    {
        "pk": 29, 
        "model": "elesma.recipeitem", 
        "fields": {
            "amount": "2.0 cl", 
            "recipe": 10, 
            "ingredient": 23
        }
    }, 
    {
        "pk": 30, 
        "model": "elesma.recipeitem", 
        "fields": {
            "amount": "Dash of", 
            "recipe": 10, 
            "ingredient": 24
        }
    }, 
    {
        "pk": 31, 
        "model": "elesma.recipeitem", 
        "fields": {
            "amount": "3.5cl Tequila", 
            "recipe": 11, 
            "ingredient": 25
        }
    }, 
    {
        "pk": 32, 
        "model": "elesma.recipeitem", 
        "fields": {
            "amount": "2.0 cl", 
            "recipe": 11, 
            "ingredient": 26
        }
    }, 
    {
        "pk": 33, 
        "model": "elesma.recipeitem", 
        "fields": {
            "amount": "1.5 cl", 
            "recipe": 11, 
            "ingredient": 7
        }
    }, 
    {
        "pk": 34, 
        "model": "elesma.recipeitem", 
        "fields": {
            "amount": "Pour all", 
            "recipe": 11, 
            "ingredient": 27
        }
    }, 
    {
        "pk": 35, 
        "model": "elesma.recipeitem", 
        "fields": {
            "amount": "5.5 cl", 
            "recipe": 12, 
            "ingredient": 14
        }
    }, 
    {
        "pk": 36, 
        "model": "elesma.recipeitem", 
        "fields": {
            "amount": "1.5 cl", 
            "recipe": 12, 
            "ingredient": 15
        }
    }, 
    {
        "pk": 37, 
        "model": "elesma.recipeitem", 
        "fields": {
            "amount": "5.5 cl", 
            "recipe": 13, 
            "ingredient": 14
        }
    }, 
    {
        "pk": 38, 
        "model": "elesma.recipeitem", 
        "fields": {
            "amount": "1.0 cl", 
            "recipe": 13, 
            "ingredient": 15
        }
    }, 
    {
        "pk": 39, 
        "model": "elesma.recipeitem", 
        "fields": {
            "amount": "1.0 cl", 
            "recipe": 13, 
            "ingredient": 21
        }
    }, 
    {
        "pk": 40, 
        "model": "elesma.recipeitem", 
        "fields": {
            "amount": "5.5 cl", 
            "recipe": 14, 
            "ingredient": 14
        }
    }, 
    {
        "pk": 41, 
        "model": "elesma.recipeitem", 
        "fields": {
            "amount": "1.5 cl", 
            "recipe": 14, 
            "ingredient": 21
        }
    }, 
    {
        "pk": 42, 
        "model": "elesma.recipeitem", 
        "fields": {
            "amount": "5.5 cl", 
            "recipe": 15, 
            "ingredient": 28
        }
    }, 
    {
        "pk": 43, 
        "model": "elesma.recipeitem", 
        "fields": {
            "amount": "1.5 cl", 
            "recipe": 15, 
            "ingredient": 15
        }
    }, 
    {
        "pk": 44, 
        "model": "elesma.recipeitem", 
        "fields": {
            "amount": "6.0 cl", 
            "recipe": 16, 
            "ingredient": 14
        }
    }, 
    {
        "pk": 45, 
        "model": "elesma.recipeitem", 
        "fields": {
            "amount": "1.0 cl", 
            "recipe": 16, 
            "ingredient": 15
        }
    }, 
    {
        "pk": 46, 
        "model": "elesma.recipeitem", 
        "fields": {
            "amount": "3.0 cl", 
            "recipe": 17, 
            "ingredient": 14
        }
    }, 
    {
        "pk": 47, 
        "model": "elesma.recipeitem", 
        "fields": {
            "amount": "3.0 cl", 
            "recipe": 17, 
            "ingredient": 29
        }
    }, 
    {
        "pk": 48, 
        "model": "elesma.recipeitem", 
        "fields": {
            "amount": "3.0 cl", 
            "recipe": 17, 
            "ingredient": 30
        }
    }, 
    {
        "pk": 49, 
        "model": "elesma.recipeitem", 
        "fields": {
            "amount": "Pour all", 
            "recipe": 17, 
            "ingredient": 31
        }
    }, 
    {
        "pk": 50, 
        "model": "elesma.recipeitem", 
        "fields": {
            "amount": "4.0 cl.Bourbon", 
            "recipe": 18, 
            "ingredient": 32
        }
    }, 
    {
        "pk": 51, 
        "model": "elesma.recipeitem", 
        "fields": {
            "amount": "1 sugar", 
            "recipe": 18, 
            "ingredient": 33
        }
    }, 
    {
        "pk": 52, 
        "model": "elesma.recipeitem", 
        "fields": {
            "amount": "2 Dashes", 
            "recipe": 18, 
            "ingredient": 22
        }
    }, 
    {
        "pk": 53, 
        "model": "elesma.recipeitem", 
        "fields": {
            "amount": "1 Splash", 
            "recipe": 18, 
            "ingredient": 34
        }
    }, 
    {
        "pk": 54, 
        "model": "elesma.recipeitem", 
        "fields": {
            "amount": "3.5 cl", 
            "recipe": 19, 
            "ingredient": 14
        }
    }, 
    {
        "pk": 55, 
        "model": "elesma.recipeitem", 
        "fields": {
            "amount": "2.0 cl", 
            "recipe": 19, 
            "ingredient": 35
        }
    }, 
    {
        "pk": 56, 
        "model": "elesma.recipeitem", 
        "fields": {
            "amount": "1.5 cl", 
            "recipe": 19, 
            "ingredient": 36
        }
    }, 
    {
        "pk": 57, 
        "model": "elesma.recipeitem", 
        "fields": {
            "amount": "4.5 cl", 
            "recipe": 20, 
            "ingredient": 37
        }
    }, 
    {
        "pk": 58, 
        "model": "elesma.recipeitem", 
        "fields": {
            "amount": "2.5 cl", 
            "recipe": 20, 
            "ingredient": 21
        }
    }, 
    {
        "pk": 59, 
        "model": "elesma.recipeitem", 
        "fields": {
            "amount": "1 Dash", 
            "recipe": 20, 
            "ingredient": 22
        }
    }, 
    {
        "pk": 60, 
        "model": "elesma.recipeitem", 
        "fields": {
            "amount": "4.5 cl", 
            "recipe": 21, 
            "ingredient": 15
        }
    }, 
    {
        "pk": 61, 
        "model": "elesma.recipeitem", 
        "fields": {
            "amount": "1.5 cl", 
            "recipe": 21, 
            "ingredient": 38
        }
    }, 
    {
        "pk": 62, 
        "model": "elesma.recipeitem", 
        "fields": {
            "amount": "1.0 cl", 
            "recipe": 21, 
            "ingredient": 39
        }
    }, 
    {
        "pk": 63, 
        "model": "elesma.recipeitem", 
        "fields": {
            "amount": "4.5 cl", 
            "recipe": 22, 
            "ingredient": 40
        }
    }, 
    {
        "pk": 64, 
        "model": "elesma.recipeitem", 
        "fields": {
            "amount": "3.0 cl", 
            "recipe": 22, 
            "ingredient": 41
        }
    }, 
    {
        "pk": 65, 
        "model": "elesma.recipeitem", 
        "fields": {
            "amount": "1.5 cl", 
            "recipe": 22, 
            "ingredient": 8
        }
    }, 
    {
        "pk": 66, 
        "model": "elesma.recipeitem", 
        "fields": {
            "amount": "1 Dash", 
            "recipe": 22, 
            "ingredient": 42
        }
    }, 
    {
        "pk": 67, 
        "model": "elesma.recipeitem", 
        "fields": {
            "amount": "2.0 cl", 
            "recipe": 23, 
            "ingredient": 43
        }
    }, 
    {
        "pk": 68, 
        "model": "elesma.recipeitem", 
        "fields": {
            "amount": "2.0 cl", 
            "recipe": 23, 
            "ingredient": 44
        }
    }, 
    {
        "pk": 69, 
        "model": "elesma.recipeitem", 
        "fields": {
            "amount": "2.0 cl", 
            "recipe": 23, 
            "ingredient": 45
        }
    }, 
    {
        "pk": 70, 
        "model": "elesma.recipeitem", 
        "fields": {
            "amount": "5.0 cl", 
            "recipe": 24, 
            "ingredient": 28
        }
    }, 
    {
        "pk": 71, 
        "model": "elesma.recipeitem", 
        "fields": {
            "amount": "2.0 cl", 
            "recipe": 24, 
            "ingredient": 46
        }
    }, 
    {
        "pk": 72, 
        "model": "elesma.recipeitem", 
        "fields": {
            "amount": "5.0 cl", 
            "recipe": 25, 
            "ingredient": 28
        }
    }, 
    {
        "pk": 73, 
        "model": "elesma.recipeitem", 
        "fields": {
            "amount": "2.0 cl", 
            "recipe": 25, 
            "ingredient": 46
        }
    }, 
    {
        "pk": 74, 
        "model": "elesma.recipeitem", 
        "fields": {
            "amount": "3.0 cl", 
            "recipe": 25, 
            "ingredient": 45
        }
    }, 
    {
        "pk": 75, 
        "model": "elesma.recipeitem", 
        "fields": {
            "amount": "3.5 cl", 
            "recipe": 26, 
            "ingredient": 43
        }
    }, 
    {
        "pk": 76, 
        "model": "elesma.recipeitem", 
        "fields": {
            "amount": "3.5 cl", 
            "recipe": 26, 
            "ingredient": 47
        }
    }, 
    {
        "pk": 77, 
        "model": "elesma.recipeitem", 
        "fields": {
            "amount": "3.5 cl", 
            "recipe": 27, 
            "ingredient": 28
        }
    }, 
    {
        "pk": 78, 
        "model": "elesma.recipeitem", 
        "fields": {
            "amount": "3.5 cl", 
            "recipe": 27, 
            "ingredient": 48
        }
    }, 
    {
        "pk": 79, 
        "model": "elesma.recipeitem", 
        "fields": {
            "amount": "2.0 cl", 
            "recipe": 28, 
            "ingredient": 49
        }
    }, 
    {
        "pk": 80, 
        "model": "elesma.recipeitem", 
        "fields": {
            "amount": "2.0 cl", 
            "recipe": 28, 
            "ingredient": 50
        }
    }, 
    {
        "pk": 81, 
        "model": "elesma.recipeitem", 
        "fields": {
            "amount": "2.0 cl", 
            "recipe": 28, 
            "ingredient": 45
        }
    }, 
    {
        "pk": 82, 
        "model": "elesma.recipeitem", 
        "fields": {
            "amount": "2.0 cl", 
            "recipe": 29, 
            "ingredient": 49
        }
    }, 
    {
        "pk": 83, 
        "model": "elesma.recipeitem", 
        "fields": {
            "amount": "2.0 cl", 
            "recipe": 29, 
            "ingredient": 26
        }
    }, 
    {
        "pk": 84, 
        "model": "elesma.recipeitem", 
        "fields": {
            "amount": "2.0 cl", 
            "recipe": 29, 
            "ingredient": 51
        }
    }, 
    {
        "pk": 85, 
        "model": "elesma.recipeitem", 
        "fields": {
            "amount": "1.0 cl", 
            "recipe": 29, 
            "ingredient": 45
        }
    }, 
    {
        "pk": 86, 
        "model": "elesma.recipeitem", 
        "fields": {
            "amount": "2.0 cl", 
            "recipe": 30, 
            "ingredient": 52
        }
    }, 
    {
        "pk": 87, 
        "model": "elesma.recipeitem", 
        "fields": {
            "amount": "2.0 cl", 
            "recipe": 30, 
            "ingredient": 50
        }
    }, 
    {
        "pk": 88, 
        "model": "elesma.recipeitem", 
        "fields": {
            "amount": "2.0 cl", 
            "recipe": 30, 
            "ingredient": 45
        }
    }, 
    {
        "pk": 89, 
        "model": "elesma.recipeitem", 
        "fields": {
            "amount": "1.5 cl", 
            "recipe": 31, 
            "ingredient": 53
        }
    }, 
    {
        "pk": 90, 
        "model": "elesma.recipeitem", 
        "fields": {
            "amount": "4.5 cl", 
            "recipe": 31, 
            "ingredient": 54
        }
    }, 
    {
        "pk": 91, 
        "model": "elesma.recipeitem", 
        "fields": {
            "amount": "1.0 cl", 
            "recipe": 31, 
            "ingredient": 55
        }
    }, 
    {
        "pk": 92, 
        "model": "elesma.recipeitem", 
        "fields": {
            "amount": "4.5 cl", 
            "recipe": 32, 
            "ingredient": 56
        }
    }, 
    {
        "pk": 93, 
        "model": "elesma.recipeitem", 
        "fields": {
            "amount": "2.5 cl", 
            "recipe": 32, 
            "ingredient": 57
        }
    }, 
    {
        "pk": 94, 
        "model": "elesma.recipeitem", 
        "fields": {
            "amount": "10.0 cl", 
            "recipe": 33, 
            "ingredient": 58
        }
    }, 
    {
        "pk": 95, 
        "model": "elesma.recipeitem", 
        "fields": {
            "amount": "5.0 cl", 
            "recipe": 33, 
            "ingredient": 59
        }
    }, 
    {
        "pk": 96, 
        "model": "elesma.recipeitem", 
        "fields": {
            "amount": "Pour peach", 
            "recipe": 33, 
            "ingredient": 60
        }
    }, 
    {
        "pk": 97, 
        "model": "elesma.recipeitem", 
        "fields": {
            "amount": "4.5 cl", 
            "recipe": 34, 
            "ingredient": 28
        }
    }, 
    {
        "pk": 98, 
        "model": "elesma.recipeitem", 
        "fields": {
            "amount": "9.0 cl", 
            "recipe": 34, 
            "ingredient": 61
        }
    }, 
    {
        "pk": 99, 
        "model": "elesma.recipeitem", 
        "fields": {
            "amount": "1.5 cl", 
            "recipe": 34, 
            "ingredient": 62
        }
    }, 
    {
        "pk": 100, 
        "model": "elesma.recipeitem", 
        "fields": {
            "amount": "4.0 cl", 
            "recipe": 35, 
            "ingredient": 53
        }
    }, 
    {
        "pk": 101, 
        "model": "elesma.recipeitem", 
        "fields": {
            "amount": "5.0 cl", 
            "recipe": 35, 
            "ingredient": 63
        }
    }, 
    {
        "pk": 102, 
        "model": "elesma.recipeitem", 
        "fields": {
            "amount": "1.0 cl", 
            "recipe": 35, 
            "ingredient": 8
        }
    }, 
    {
        "pk": 103, 
        "model": "elesma.recipeitem", 
        "fields": {
            "amount": "1 yolk", 
            "recipe": 35, 
            "ingredient": 64
        }
    }, 
    {
        "pk": 104, 
        "model": "elesma.recipeitem", 
        "fields": {
            "amount": "10.0 cl", 
            "recipe": 36, 
            "ingredient": 36
        }
    }, 
    {
        "pk": 105, 
        "model": "elesma.recipeitem", 
        "fields": {
            "amount": "5.0 cl", 
            "recipe": 36, 
            "ingredient": 65
        }
    }, 
    {
        "pk": 106, 
        "model": "elesma.recipeitem", 
        "fields": {
            "amount": "7.5 cl", 
            "recipe": 37, 
            "ingredient": 36
        }
    }, 
    {
        "pk": 107, 
        "model": "elesma.recipeitem", 
        "fields": {
            "amount": "7.5 cl", 
            "recipe": 37, 
            "ingredient": 19
        }
    }, 
    {
        "pk": 108, 
        "model": "elesma.recipeitem", 
        "fields": {
            "amount": "3.0 cl", 
            "recipe": 38, 
            "ingredient": 28
        }
    }, 
    {
        "pk": 109, 
        "model": "elesma.recipeitem", 
        "fields": {
            "amount": "6.0 cl", 
            "recipe": 38, 
            "ingredient": 66
        }
    }, 
    {
        "pk": 110, 
        "model": "elesma.recipeitem", 
        "fields": {
            "amount": "1.0 cl", 
            "recipe": 38, 
            "ingredient": 41
        }
    }, 
    {
        "pk": 111, 
        "model": "elesma.recipeitem", 
        "fields": {
            "amount": "Pour all", 
            "recipe": 38, 
            "ingredient": 67
        }
    }, 
    {
        "pk": 112, 
        "model": "elesma.recipeitem", 
        "fields": {
            "amount": "9.0 cl", 
            "recipe": 39, 
            "ingredient": 68
        }
    }, 
    {
        "pk": 113, 
        "model": "elesma.recipeitem", 
        "fields": {
            "amount": "1.0 cl", 
            "recipe": 39, 
            "ingredient": 53
        }
    }, 
    {
        "pk": 114, 
        "model": "elesma.recipeitem", 
        "fields": {
            "amount": "4.5 cl", 
            "recipe": 40, 
            "ingredient": 14
        }
    }, 
    {
        "pk": 115, 
        "model": "elesma.recipeitem", 
        "fields": {
            "amount": "3.0 cl", 
            "recipe": 40, 
            "ingredient": 41
        }
    }, 
    {
        "pk": 116, 
        "model": "elesma.recipeitem", 
        "fields": {
            "amount": "1.5 cl", 
            "recipe": 40, 
            "ingredient": 8
        }
    }, 
    {
        "pk": 117, 
        "model": "elesma.recipeitem", 
        "fields": {
            "amount": "6.0 cl", 
            "recipe": 40, 
            "ingredient": 69
        }
    }, 
    {
        "pk": 118, 
        "model": "elesma.recipeitem", 
        "fields": {
            "amount": "Pour all", 
            "recipe": 40, 
            "ingredient": 70
        }
    }, 
    {
        "pk": 119, 
        "model": "elesma.recipeitem", 
        "fields": {
            "amount": "Add dash", 
            "recipe": 40, 
            "ingredient": 71
        }
    }, 
    {
        "pk": 120, 
        "model": "elesma.recipeitem", 
        "fields": {
            "amount": "4.5 cl", 
            "recipe": 41, 
            "ingredient": 14
        }
    }, 
    {
        "pk": 121, 
        "model": "elesma.recipeitem", 
        "fields": {
            "amount": "3.0 cl", 
            "recipe": 41, 
            "ingredient": 41
        }
    }, 
    {
        "pk": 122, 
        "model": "elesma.recipeitem", 
        "fields": {
            "amount": "1.0 cl", 
            "recipe": 41, 
            "ingredient": 8
        }
    }, 
    {
        "pk": 123, 
        "model": "elesma.recipeitem", 
        "fields": {
            "amount": "8.0 cl", 
            "recipe": 41, 
            "ingredient": 34
        }
    }, 
    {
        "pk": 124, 
        "model": "elesma.recipeitem", 
        "fields": {
            "amount": "4.5 cl", 
            "recipe": 42, 
            "ingredient": 28
        }
    }, 
    {
        "pk": 125, 
        "model": "elesma.recipeitem", 
        "fields": {
            "amount": "1.5 cl", 
            "recipe": 42, 
            "ingredient": 72
        }
    }, 
    {
        "pk": 126, 
        "model": "elesma.recipeitem", 
        "fields": {
            "amount": "9.0 cl", 
            "recipe": 42, 
            "ingredient": 51
        }
    }, 
    {
        "pk": 127, 
        "model": "elesma.recipeitem", 
        "fields": {
            "amount": "4.0 cl", 
            "recipe": 43, 
            "ingredient": 53
        }
    }, 
    {
        "pk": 128, 
        "model": "elesma.recipeitem", 
        "fields": {
            "amount": "11.0 cl", 
            "recipe": 43, 
            "ingredient": 73
        }
    }, 
    {
        "pk": 129, 
        "model": "elesma.recipeitem", 
        "fields": {
            "amount": "Dash of", 
            "recipe": 43, 
            "ingredient": 74
        }
    }, 
    {
        "pk": 130, 
        "model": "elesma.recipeitem", 
        "fields": {
            "amount": "4.0 cl", 
            "recipe": 44, 
            "ingredient": 75
        }
    }, 
    {
        "pk": 131, 
        "model": "elesma.recipeitem", 
        "fields": {
            "amount": "8.0 cl", 
            "recipe": 44, 
            "ingredient": 76
        }
    }, 
    {
        "pk": 132, 
        "model": "elesma.recipeitem", 
        "fields": {
            "amount": "3.0 cl", 
            "recipe": 44, 
            "ingredient": 45
        }
    }, 
    {
        "pk": 133, 
        "model": "elesma.recipeitem", 
        "fields": {
            "amount": "1 tea", 
            "recipe": 44, 
            "ingredient": 77
        }
    }, 
    {
        "pk": 134, 
        "model": "elesma.recipeitem", 
        "fields": {
            "amount": "Pour into", 
            "recipe": 44, 
            "ingredient": 78
        }
    }, 
    {
        "pk": 135, 
        "model": "elesma.recipeitem", 
        "fields": {
            "amount": "3.0 cl", 
            "recipe": 45, 
            "ingredient": 6
        }
    }, 
    {
        "pk": 136, 
        "model": "elesma.recipeitem", 
        "fields": {
            "amount": "3.0 cl", 
            "recipe": 45, 
            "ingredient": 79
        }
    }, 
    {
        "pk": 137, 
        "model": "elesma.recipeitem", 
        "fields": {
            "amount": "9.0 cl", 
            "recipe": 45, 
            "ingredient": 80
        }
    }, 
    {
        "pk": 138, 
        "model": "elesma.recipeitem", 
        "fields": {
            "amount": "6.0cl Dark", 
            "recipe": 46, 
            "ingredient": 81
        }
    }, 
    {
        "pk": 139, 
        "model": "elesma.recipeitem", 
        "fields": {
            "amount": "3.0 cl", 
            "recipe": 46, 
            "ingredient": 41
        }
    }, 
    {
        "pk": 140, 
        "model": "elesma.recipeitem", 
        "fields": {
            "amount": "1.0 cl", 
            "recipe": 46, 
            "ingredient": 5
        }
    }, 
    {
        "pk": 141, 
        "model": "elesma.recipeitem", 
        "fields": {
            "amount": "Soda water.", 
            "recipe": 46, 
            "ingredient": 25
        }
    }, 
    {
        "pk": 142, 
        "model": "elesma.recipeitem", 
        "fields": {
            "amount": "5.0 cl", 
            "recipe": 47, 
            "ingredient": 28
        }
    }, 
    {
        "pk": 143, 
        "model": "elesma.recipeitem", 
        "fields": {
            "amount": "10.0 cl", 
            "recipe": 47, 
            "ingredient": 16
        }
    }, 
    {
        "pk": 144, 
        "model": "elesma.recipeitem", 
        "fields": {
            "amount": "4.0 cl", 
            "recipe": 48, 
            "ingredient": 14
        }
    }, 
    {
        "pk": 145, 
        "model": "elesma.recipeitem", 
        "fields": {
            "amount": "2.0 cl", 
            "recipe": 48, 
            "ingredient": 39
        }
    }, 
    {
        "pk": 146, 
        "model": "elesma.recipeitem", 
        "fields": {
            "amount": "0.5 cl", 
            "recipe": 48, 
            "ingredient": 26
        }
    }, 
    {
        "pk": 147, 
        "model": "elesma.recipeitem", 
        "fields": {
            "amount": "0.5 cl", 
            "recipe": 48, 
            "ingredient": 82
        }
    }, 
    {
        "pk": 148, 
        "model": "elesma.recipeitem", 
        "fields": {
            "amount": "1.0 cl", 
            "recipe": 48, 
            "ingredient": 83
        }
    }, 
    {
        "pk": 149, 
        "model": "elesma.recipeitem", 
        "fields": {
            "amount": "8.0 cl", 
            "recipe": 48, 
            "ingredient": 80
        }
    }, 
    {
        "pk": 150, 
        "model": "elesma.recipeitem", 
        "fields": {
            "amount": "3.0 cl", 
            "recipe": 48, 
            "ingredient": 41
        }
    }, 
    {
        "pk": 151, 
        "model": "elesma.recipeitem", 
        "fields": {
            "amount": "1 dash", 
            "recipe": 48, 
            "ingredient": 24
        }
    }, 
    {
        "pk": 152, 
        "model": "elesma.recipeitem", 
        "fields": {
            "amount": "4.5 cl", 
            "recipe": 49, 
            "ingredient": 84
        }
    }, 
    {
        "pk": 153, 
        "model": "elesma.recipeitem", 
        "fields": {
            "amount": "9.0 cl", 
            "recipe": 49, 
            "ingredient": 36
        }
    }, 
    {
        "pk": 154, 
        "model": "elesma.recipeitem", 
        "fields": {
            "amount": "1.5 cl", 
            "recipe": 49, 
            "ingredient": 5
        }
    }
]
